id,unit,topic,strategy,format,language,has_code,source,style_profile,review_status
v2-0001,III,program_elements,explicar primero,single_turn,en,True,rewritten_from_v1,dominicano_suave,needs_review
v2-0002,III,data_types,explicar primero,single_turn,en,False,new,dominicano_suave,needs_review
v2-0003,III,constants,explicar primero,single_turn,en,False,new,dominicano_suave,needs_review
v2-0004,III,variables,explicar primero,single_turn,en,False,new,dominicano_suave,needs_review
v2-0005,III,operators,explicar primero,single_turn,en,True,new,dominicano_suave,needs_review
v2-0006,III,expressions,explicar primero,single_turn,en,False,new,dominicano_suave,needs_review
v2-0007,III,type_conversions,explicar primero,single_turn,es,False,new,dominicano_suave,needs_review
v2-0008,III,program_elements,explicar primero,single_turn,es,False,new,dominicano_suave,needs_review
v2-0009,III,data_types,explicar primero,single_turn,es,True,new,dominicano_suave,needs_review
v2-0010,III,constants,explicar primero,single_turn,es,False,rewritten_from_v1,dominicano_suave,needs_review
v2-0011,III,variables,explicar primero,single_turn,es,False,new,dominicano_suave,needs_review
v2-0012,III,operators,explicar primero,single_turn,es,False,new,dominicano_suave,needs_review
v2-0013,III,expressions,explicar primero,single_turn,es,True,new,dominicano_suave,needs_review
v2-0014,III,type_conversions,explicar primero,single_turn,es,False,new,dominicano_suave,needs_review
v2-0015,III,program_elements,explicar primero,single_turn,es,False,new,dominicano_suave,needs_review
v2-0016,III,data_types,explicar primero,single_turn,es,True,new,dominicano_suave,needs_review
v2-0017,III,constants,explicar primero,single_turn,es,False,new,dominicano_suave,needs_review
v2-0018,III,variables,explicar primero,single_turn,es,False,new,dominicano_suave,needs_review
v2-0019,III,operators,explicar primero,single_turn,es,False,rewritten_from_v1,dominicano_suave,needs_review
v2-0020,III,expressions,explicar primero,single_turn,es,True,new,dominicano_suave,needs_review
v2-0021,III,type_conversions,explicar primero,single_turn,es,False,new,dominicano_suave,needs_review
v2-0022,III,program_elements,explicar primero,single_turn,es,False,new,dominicano_suave,needs_review
v2-0023,III,data_types,explicar primero,single_turn,es,False,new,dominicano_suave,needs_review
v2-0024,III,constants,explicar primero,single_turn,es,True,new,dominicano_suave,needs_review
v2-0025,III,variables,explicar primero,single_turn,es,False,new,dominicano_suave,needs_review
v2-0026,III,operators,explicar primero,single_turn,es,False,new,dominicano_suave,needs_review
v2-0027,III,expressions,explicar primero,single_turn,es,False,new,dominicano_suave,needs_review
v2-0028,III,type_conversions,explicar primero,single_turn,es,True,rewritten_from_v1,dominicano_suave,needs_review
v2-0029,III,program_elements,explicar primero,single_turn,es,False,new,dominicano_suave,needs_review
v2-0030,III,data_types,explicar primero,single_turn,es,False,new,dominicano_suave,needs_review
v2-0031,III,constants,explicar primero,single_turn,es,False,new,dominicano_suave,needs_review
v2-0032,III,variables,explicar primero,single_turn,es,True,new,dominicano_suave,needs_review
v2-0033,III,operators,explicar primero,single_turn,es,False,new,dominicano_suave,needs_review
v2-0034,III,expressions,explicar primero,single_turn,es,False,new,dominicano_suave,needs_review
v2-0035,III,type_conversions,explicar primero,single_turn,es,False,new,dominicano_suave,needs_review
v2-0036,III,program_elements,explicar primero,single_turn,es,True,new,dominicano_suave,needs_review
v2-0037,III,data_types,explicar primero,single_turn,es,False,rewritten_from_v1,dominicano_suave,needs_review
v2-0038,III,constants,explicar primero,single_turn,es,False,new,dominicano_suave,needs_review
v2-0039,III,variables,explicar primero,single_turn,es,False,new,dominicano_suave,needs_review
v2-0040,III,operators,explicar primero,single_turn,es,True,new,dominicano_suave,needs_review
v2-0041,III,expressions,explicar primero,single_turn,es,False,new,dominicano_suave,needs_review
v2-0042,III,type_conversions,explicar primero,single_turn,es,False,new,dominicano_suave,needs_review
v2-0043,III,program_elements,explicar primero,single_turn,es,True,new,dominicano_suave,needs_review
v2-0044,III,data_types,explicar primero,single_turn,es,False,new,dominicano_suave,needs_review
v2-0045,III,constants,explicar primero,single_turn,es,False,new,dominicano_suave,needs_review
v2-0046,III,variables,explicar primero,single_turn,es,False,rewritten_from_v1,dominicano_suave,needs_review
v2-0047,III,operators,explicar primero,single_turn,es,True,new,dominicano_suave,needs_review
v2-0048,III,expressions,explicar primero,single_turn,es,False,new,dominicano_suave,needs_review
v2-0049,III,type_conversions,explicar primero,single_turn,es,False,new,dominicano_suave,needs_review
v2-0050,III,program_elements,explicar primero,single_turn,es,False,new,dominicano_suave,needs_review
v2-0051,III,data_types,explicar primero,single_turn,es,True,new,dominicano_suave,needs_review
v2-0052,III,constants,explicar primero,single_turn,es,False,new,dominicano_suave,needs_review
v2-0053,III,variables,explicar primero,single_turn,es,False,new,dominicano_suave,needs_review
v2-0054,III,operators,explicar primero,single_turn,es,False,new,dominicano_suave,needs_review
v2-0055,III,expressions,explicar primero,single_turn,es,True,rewritten_from_v1,dominicano_suave,needs_review
v2-0056,III,type_conversions,explicar primero,single_turn,es,False,new,dominicano_suave,needs_review
v2-0057,III,program_elements,explicar primero,single_turn,es,False,new,dominicano_suave,needs_review
v2-0058,III,data_types,explicar primero,single_turn,es,False,new,dominicano_suave,needs_review
v2-0059,III,constants,explicar primero,single_turn,es,True,new,dominicano_suave,needs_review
v2-0060,III,variables,explicar primero,single_turn,es,False,new,dominicano_suave,needs_review
v2-0061,III,operators,explicar primero,single_turn,es,False,new,dominicano_suave,needs_review
v2-0062,III,expressions,explicar primero,single_turn,es,False,new,dominicano_suave,needs_review
v2-0063,III,type_conversions,explicar primero,single_turn,es,True,new,dominicano_suave,needs_review
v2-0064,III,program_elements,explicar primero,single_turn,es,False,rewritten_from_v1,dominicano_suave,needs_review
v2-0065,III,data_types,explicar primero,single_turn,es,False,new,dominicano_suave,needs_review
v2-0066,III,constants,explicar primero,single_turn,es,False,new,dominicano_suave,needs_review
v2-0067,III,variables,explicar primero,single_turn,es,True,new,dominicano_suave,needs_review
v2-0068,III,operators,explicar primero,single_turn,es,False,new,dominicano_suave,needs_review
v2-0069,III,expressions,explicar primero,single_turn,es,False,new,dominicano_suave,needs_review
v2-0070,III,type_conversions,explicar primero,single_turn,es,True,new,dominicano_suave,needs_review
v2-0071,III,program_elements,explicar primero,single_turn,es,False,new,dominicano_suave,needs_review
v2-0072,III,data_types,explicar primero,single_turn,es,False,new,dominicano_suave,needs_review
v2-0073,III,constants,explicar primero,single_turn,es,False,rewritten_from_v1,dominicano_suave,needs_review
v2-0074,III,variables,explicar primero,single_turn,es,True,new,dominicano_suave,needs_review
v2-0075,III,operators,explicar primero,single_turn,es,False,new,dominicano_suave,needs_review
v2-0076,III,expressions,explicar primero,single_turn,es,False,new,dominicano_suave,needs_review
v2-0077,III,type_conversions,explicar primero,single_turn,es,False,new,dominicano_suave,needs_review
v2-0078,III,program_elements,explicar primero,single_turn,es,True,new,dominicano_suave,needs_review
v2-0079,III,data_types,explicar primero,single_turn,es,False,new,dominicano_suave,needs_review
v2-0080,III,constants,explicar primero,single_turn,es,False,new,dominicano_suave,needs_review
v2-0081,III,variables,explicar primero,single_turn,es,False,new,dominicano_suave,needs_review
v2-0082,III,operators,explicar primero,single_turn,es,True,rewritten_from_v1,dominicano_suave,needs_review
v2-0083,III,expressions,explicar primero,single_turn,es,False,new,dominicano_suave,needs_review
v2-0084,III,type_conversions,explicar primero,single_turn,es,False,new,dominicano_suave,needs_review
v2-0085,III,program_elements,explicar primero,single_turn,es,False,new,dominicano_suave,needs_review
v2-0086,III,data_types,explicar primero,single_turn,es,True,new,dominicano_suave,needs_review
v2-0087,III,constants,explicar primero,single_turn,es,False,new,dominicano_suave,needs_review
v2-0088,III,variables,explicar primero,single_turn,es,False,new,dominicano_suave,needs_review
v2-0089,III,operators,explicar primero,single_turn,es,False,new,dominicano_suave,needs_review
v2-0090,III,expressions,explicar primero,single_turn,es,True,new,dominicano_suave,needs_review
v2-0091,III,type_conversions,explicar primero,multi_turn_short,es,False,rewritten_from_v1,dominicano_suave,needs_review
v2-0092,III,program_elements,explicar primero,multi_turn_short,es,False,new,dominicano_suave,needs_review
v2-0093,III,data_types,explicar primero,multi_turn_short,es,False,new,dominicano_suave,needs_review
v2-0094,III,constants,explicar primero,multi_turn_short,es,True,new,dominicano_suave,needs_review
v2-0095,III,variables,explicar primero,multi_turn_short,es,False,new,dominicano_suave,needs_review
v2-0096,III,operators,explicar primero,multi_turn_short,es,False,new,dominicano_suave,needs_review
v2-0097,III,expressions,explicar primero,multi_turn_short,es,True,new,dominicano_suave,needs_review
v2-0098,III,type_conversions,explicar primero,multi_turn_short,es,False,new,dominicano_suave,needs_review
v2-0099,III,program_elements,explicar primero,multi_turn_short,es,False,new,dominicano_suave,needs_review
v2-0100,III,data_types,explicar primero,multi_turn_short,es,False,rewritten_from_v1,dominicano_suave,needs_review
v2-0101,III,constants,explicar primero,multi_turn_short,es,True,new,dominicano_suave,needs_review
v2-0102,III,variables,explicar primero,multi_turn_short,es,False,new,dominicano_suave,needs_review
v2-0103,III,operators,explicar primero,multi_turn_short,es,False,new,dominicano_suave,needs_review
v2-0104,III,expressions,explicar primero,multi_turn_short,es,False,new,dominicano_suave,needs_review
v2-0105,III,type_conversions,explicar primero,multi_turn_short,es,True,new,dominicano_suave,needs_review
v2-0106,III,program_elements,corregir misconception,single_turn,en,False,new,dominicano_suave,needs_review
v2-0107,III,data_types,corregir misconception,single_turn,en,False,new,dominicano_suave,needs_review
v2-0108,III,constants,corregir misconception,single_turn,en,False,new,dominicano_suave,needs_review
v2-0109,III,variables,corregir misconception,single_turn,en,True,rewritten_from_v1,dominicano_suave,needs_review
v2-0110,III,operators,corregir misconception,single_turn,en,False,new,dominicano_suave,needs_review
v2-0111,III,expressions,corregir misconception,single_turn,en,False,new,dominicano_suave,needs_review
v2-0112,III,type_conversions,corregir misconception,single_turn,es,False,new,dominicano_suave,needs_review
v2-0113,III,program_elements,corregir misconception,single_turn,es,True,new,dominicano_suave,needs_review
v2-0114,III,data_types,corregir misconception,single_turn,es,False,new,dominicano_suave,needs_review
v2-0115,III,constants,corregir misconception,single_turn,es,False,new,dominicano_suave,needs_review
v2-0116,III,variables,corregir misconception,single_turn,es,False,new,dominicano_suave,needs_review
v2-0117,III,operators,corregir misconception,single_turn,es,True,new,dominicano_suave,needs_review
v2-0118,III,expressions,corregir misconception,single_turn,es,False,rewritten_from_v1,dominicano_suave,needs_review
v2-0119,III,type_conversions,corregir misconception,single_turn,es,False,new,dominicano_suave,needs_review
v2-0120,III,program_elements,corregir misconception,single_turn,es,False,new,dominicano_suave,needs_review
v2-0121,III,data_types,corregir misconception,single_turn,es,True,new,dominicano_suave,needs_review
v2-0122,III,constants,corregir misconception,single_turn,es,False,new,dominicano_suave,needs_review
v2-0123,III,variables,corregir misconception,single_turn,es,False,new,dominicano_suave,needs_review
v2-0124,III,operators,corregir misconception,single_turn,es,True,new,dominicano_suave,needs_review
v2-0125,III,expressions,corregir misconception,single_turn,es,False,new,dominicano_suave,needs_review
v2-0126,III,type_conversions,corregir misconception,single_turn,es,False,new,dominicano_suave,needs_review
v2-0127,III,program_elements,corregir misconception,single_turn,es,False,rewritten_from_v1,dominicano_suave,needs_review
v2-0128,III,data_types,corregir misconception,single_turn,es,True,new,dominicano_suave,needs_review
v2-0129,III,constants,corregir misconception,single_turn,es,False,new,dominicano_suave,needs_review
v2-0130,III,variables,corregir misconception,single_turn,es,False,new,dominicano_suave,needs_review
v2-0131,III,operators,corregir misconception,single_turn,es,False,new,dominicano_suave,needs_review
v2-0132,III,expressions,corregir misconception,single_turn,es,True,new,dominicano_suave,needs_review
v2-0133,III,type_conversions,corregir misconception,single_turn,es,False,new,dominicano_suave,needs_review
v2-0134,III,program_elements,corregir misconception,single_turn,es,False,new,dominicano_suave,needs_review
v2-0135,III,data_types,corregir misconception,single_turn,es,False,new,dominicano_suave,needs_review
v2-0136,III,constants,corregir misconception,single_turn,es,True,rewritten_from_v1,dominicano_suave,needs_review
v2-0137,III,variables,corregir misconception,single_turn,es,False,new,dominicano_suave,needs_review
v2-0138,III,operators,corregir misconception,single_turn,es,False,new,dominicano_suave,needs_review
v2-0139,III,expressions,corregir misconception,single_turn,es,False,new,dominicano_suave,needs_review
v2-0140,III,type_conversions,corregir misconception,single_turn,es,True,new,dominicano_suave,needs_review
v2-0141,III,program_elements,corregir misconception,single_turn,es,False,new,dominicano_suave,needs_review
v2-0142,III,data_types,corregir misconception,single_turn,es,False,new,dominicano_suave,needs_review
v2-0143,III,constants,corregir misconception,single_turn,es,False,new,dominicano_suave,needs_review
v2-0144,III,variables,corregir misconception,single_turn,es,True,new,dominicano_suave,needs_review
v2-0145,III,operators,corregir misconception,single_turn,es,False,rewritten_from_v1,dominicano_suave,needs_review
v2-0146,III,expressions,corregir misconception,single_turn,es,False,new,dominicano_suave,needs_review
v2-0147,III,type_conversions,corregir misconception,single_turn,es,False,new,dominicano_suave,needs_review
v2-0148,III,program_elements,corregir misconception,single_turn,es,True,new,dominicano_suave,needs_review
v2-0149,III,data_types,corregir misconception,single_turn,es,False,new,dominicano_suave,needs_review
v2-0150,III,constants,corregir misconception,single_turn,es,False,new,dominicano_suave,needs_review
v2-0151,III,variables,corregir misconception,single_turn,es,True,new,dominicano_suave,needs_review
v2-0152,III,operators,corregir misconception,single_turn,es,False,new,dominicano_suave,needs_review
v2-0153,III,expressions,corregir misconception,single_turn,es,False,new,dominicano_suave,needs_review
v2-0154,III,type_conversions,corregir misconception,single_turn,es,False,rewritten_from_v1,dominicano_suave,needs_review
v2-0155,III,program_elements,corregir misconception,single_turn,es,True,new,dominicano_suave,needs_review
v2-0156,III,data_types,corregir misconception,single_turn,es,False,new,dominicano_suave,needs_review
v2-0157,III,constants,corregir misconception,single_turn,es,False,new,dominicano_suave,needs_review
v2-0158,III,variables,corregir misconception,single_turn,es,False,new,dominicano_suave,needs_review
v2-0159,III,operators,corregir misconception,single_turn,es,True,new,dominicano_suave,needs_review
v2-0160,III,expressions,corregir misconception,single_turn,es,False,new,dominicano_suave,needs_review
v2-0161,III,type_conversions,corregir misconception,single_turn,es,False,new,dominicano_suave,needs_review
v2-0162,III,program_elements,corregir misconception,single_turn,es,False,new,dominicano_suave,needs_review
v2-0163,III,data_types,corregir misconception,single_turn,es,True,rewritten_from_v1,dominicano_suave,needs_review
v2-0164,III,constants,corregir misconception,single_turn,es,False,new,dominicano_suave,needs_review
v2-0165,III,variables,corregir misconception,single_turn,es,False,new,dominicano_suave,needs_review
v2-0166,III,operators,corregir misconception,multi_turn_short,es,False,new,dominicano_suave,needs_review
v2-0167,III,expressions,corregir misconception,multi_turn_short,es,True,new,dominicano_suave,needs_review
v2-0168,III,type_conversions,corregir misconception,multi_turn_short,es,False,new,dominicano_suave,needs_review
v2-0169,III,program_elements,corregir misconception,multi_turn_short,es,False,new,dominicano_suave,needs_review
v2-0170,III,data_types,corregir misconception,multi_turn_short,es,False,new,dominicano_suave,needs_review
v2-0171,III,constants,corregir misconception,multi_turn_short,es,True,new,dominicano_suave,needs_review
v2-0172,III,variables,corregir misconception,multi_turn_short,es,False,rewritten_from_v1,dominicano_suave,needs_review
v2-0173,III,operators,corregir misconception,multi_turn_short,es,False,new,dominicano_suave,needs_review
v2-0174,III,expressions,corregir misconception,multi_turn_short,es,False,new,dominicano_suave,needs_review
v2-0175,III,type_conversions,corregir misconception,multi_turn_short,es,True,new,dominicano_suave,needs_review
v2-0176,III,program_elements,corregir misconception,multi_turn_short,es,False,new,dominicano_suave,needs_review
v2-0177,III,data_types,corregir misconception,multi_turn_short,es,False,new,dominicano_suave,needs_review
v2-0178,III,constants,corregir misconception,multi_turn_short,es,True,new,dominicano_suave,needs_review
v2-0179,III,variables,corregir misconception,multi_turn_short,es,False,new,dominicano_suave,needs_review
v2-0180,III,operators,corregir misconception,multi_turn_short,es,False,new,dominicano_suave,needs_review
v2-0181,III,expressions,corregir misconception,multi_turn_short,es,False,rewritten_from_v1,dominicano_suave,needs_review
v2-0182,III,type_conversions,corregir misconception,multi_turn_short,es,True,new,dominicano_suave,needs_review
v2-0183,III,program_elements,corregir misconception,multi_turn_short,es,False,new,dominicano_suave,needs_review
v2-0184,III,data_types,corregir misconception,multi_turn_short,es,False,new,dominicano_suave,needs_review
v2-0185,III,constants,corregir misconception,multi_turn_short,es,False,new,dominicano_suave,needs_review
v2-0186,III,variables,corregir misconception,multi_turn_short,es,True,new,dominicano_suave,needs_review
v2-0187,III,operators,corregir misconception,multi_turn_short,es,False,new,dominicano_suave,needs_review
v2-0188,III,expressions,corregir misconception,multi_turn_short,es,False,new,dominicano_suave,needs_review
v2-0189,III,type_conversions,corregir misconception,multi_turn_short,es,False,new,dominicano_suave,needs_review
v2-0190,III,program_elements,corregir misconception,multi_turn_short,es,True,rewritten_from_v1,dominicano_suave,needs_review
v2-0191,III,data_types,corregir misconception,multi_turn_short,es,False,new,dominicano_suave,needs_review
v2-0192,III,constants,corregir misconception,multi_turn_short,es,False,new,dominicano_suave,needs_review
v2-0193,III,variables,corregir misconception,multi_turn_short,es,False,new,dominicano_suave,needs_review
v2-0194,III,operators,corregir misconception,multi_turn_short,es,True,new,dominicano_suave,needs_review
v2-0195,III,expressions,corregir misconception,multi_turn_short,es,False,new,dominicano_suave,needs_review
v2-0196,III,program_elements,preguntar primero,single_turn,es,False,new,dominicano_suave,needs_review
v2-0197,III,data_types,preguntar primero,single_turn,es,False,new,dominicano_suave,needs_review
v2-0198,III,constants,preguntar primero,single_turn,es,True,new,dominicano_suave,needs_review
v2-0199,III,variables,preguntar primero,single_turn,es,False,rewritten_from_v1,dominicano_suave,needs_review
v2-0200,III,operators,preguntar primero,single_turn,es,False,new,dominicano_suave,needs_review
v2-0201,III,expressions,preguntar primero,single_turn,es,False,new,dominicano_suave,needs_review
v2-0202,III,type_conversions,preguntar primero,single_turn,es,True,new,dominicano_suave,needs_review
v2-0203,III,program_elements,preguntar primero,single_turn,es,False,new,dominicano_suave,needs_review
v2-0204,III,data_types,preguntar primero,single_turn,es,False,new,dominicano_suave,needs_review
v2-0205,III,constants,preguntar primero,single_turn,es,True,new,dominicano_suave,needs_review
v2-0206,III,variables,preguntar primero,single_turn,es,False,new,dominicano_suave,needs_review
v2-0207,III,operators,preguntar primero,single_turn,es,False,new,dominicano_suave,needs_review
v2-0208,III,expressions,preguntar primero,single_turn,es,False,rewritten_from_v1,dominicano_suave,needs_review
v2-0209,III,type_conversions,preguntar primero,single_turn,es,True,new,dominicano_suave,needs_review
v2-0210,III,program_elements,preguntar primero,single_turn,es,False,new,dominicano_suave,needs_review
v2-0211,III,data_types,preguntar primero,single_turn,es,False,new,dominicano_suave,needs_review
v2-0212,III,constants,preguntar primero,single_turn,es,False,new,dominicano_suave,needs_review
v2-0213,III,variables,preguntar primero,single_turn,es,True,new,dominicano_suave,needs_review
v2-0214,III,operators,preguntar primero,single_turn,es,False,new,dominicano_suave,needs_review
v2-0215,III,expressions,preguntar primero,single_turn,es,False,new,dominicano_suave,needs_review
v2-0216,III,type_conversions,preguntar primero,single_turn,es,False,new,dominicano_suave,needs_review
v2-0217,III,program_elements,preguntar primero,single_turn,es,True,rewritten_from_v1,dominicano_suave,needs_review
v2-0218,III,data_types,preguntar primero,single_turn,es,False,new,dominicano_suave,needs_review
v2-0219,III,constants,preguntar primero,single_turn,es,False,new,dominicano_suave,needs_review
v2-0220,III,variables,preguntar primero,single_turn,es,False,new,dominicano_suave,needs_review
v2-0221,III,operators,preguntar primero,single_turn,es,True,new,dominicano_suave,needs_review
v2-0222,III,expressions,preguntar primero,single_turn,es,False,new,dominicano_suave,needs_review
v2-0223,III,type_conversions,preguntar primero,single_turn,es,False,new,dominicano_suave,needs_review
v2-0224,III,program_elements,preguntar primero,single_turn,es,False,new,dominicano_suave,needs_review
v2-0225,III,data_types,preguntar primero,single_turn,es,True,new,dominicano_suave,needs_review
v2-0226,III,constants,preguntar primero,single_turn,es,False,rewritten_from_v1,dominicano_suave,needs_review
v2-0227,III,variables,preguntar primero,single_turn,es,False,new,dominicano_suave,needs_review
v2-0228,III,operators,preguntar primero,single_turn,es,False,new,dominicano_suave,needs_review
v2-0229,III,expressions,preguntar primero,single_turn,es,True,new,dominicano_suave,needs_review
v2-0230,III,type_conversions,preguntar primero,single_turn,es,False,new,dominicano_suave,needs_review
v2-0231,III,program_elements,preguntar primero,single_turn,es,False,new,dominicano_suave,needs_review
v2-0232,III,data_types,preguntar primero,single_turn,es,True,new,dominicano_suave,needs_review
v2-0233,III,constants,preguntar primero,single_turn,es,False,new,dominicano_suave,needs_review
v2-0234,III,variables,preguntar primero,single_turn,es,False,new,dominicano_suave,needs_review
v2-0235,III,operators,preguntar primero,single_turn,es,False,rewritten_from_v1,dominicano_suave,needs_review
v2-0236,III,expressions,preguntar primero,single_turn,es,True,new,dominicano_suave,needs_review
v2-0237,III,type_conversions,preguntar primero,single_turn,es,False,new,dominicano_suave,needs_review
v2-0238,III,program_elements,preguntar primero,single_turn,es,False,new,dominicano_suave,needs_review
v2-0239,III,data_types,preguntar primero,single_turn,es,False,new,dominicano_suave,needs_review
v2-0240,III,constants,preguntar primero,single_turn,es,True,new,dominicano_suave,needs_review
v2-0241,III,variables,preguntar primero,single_turn,es,False,new,dominicano_suave,needs_review
v2-0242,III,operators,preguntar primero,single_turn,es,False,new,dominicano_suave,needs_review
v2-0243,III,expressions,preguntar primero,single_turn,es,False,new,dominicano_suave,needs_review
v2-0244,III,type_conversions,preguntar primero,single_turn,es,True,rewritten_from_v1,dominicano_suave,needs_review
v2-0245,III,program_elements,preguntar primero,single_turn,es,False,new,dominicano_suave,needs_review
v2-0246,III,data_types,preguntar primero,single_turn,es,False,new,dominicano_suave,needs_review
v2-0247,III,constants,preguntar primero,single_turn,es,False,new,dominicano_suave,needs_review
v2-0248,III,variables,preguntar primero,single_turn,es,True,new,dominicano_suave,needs_review
v2-0249,III,operators,preguntar primero,single_turn,es,False,new,dominicano_suave,needs_review
v2-0250,III,expressions,preguntar primero,single_turn,es,False,new,dominicano_suave,needs_review
v2-0251,III,type_conversions,preguntar primero,single_turn,es,False,new,dominicano_suave,needs_review
v2-0252,III,program_elements,preguntar primero,single_turn,es,True,new,dominicano_suave,needs_review
v2-0253,III,data_types,preguntar primero,single_turn,es,False,rewritten_from_v1,dominicano_suave,needs_review
v2-0254,III,constants,preguntar primero,single_turn,es,False,new,dominicano_suave,needs_review
v2-0255,III,variables,preguntar primero,single_turn,es,False,new,dominicano_suave,needs_review
v2-0256,III,operators,preguntar primero,multi_turn_short,es,True,new,dominicano_suave,needs_review
v2-0257,III,expressions,preguntar primero,multi_turn_short,es,False,new,dominicano_suave,needs_review
v2-0258,III,type_conversions,preguntar primero,multi_turn_short,es,False,new,dominicano_suave,needs_review
v2-0259,III,program_elements,preguntar primero,multi_turn_short,es,True,new,dominicano_suave,needs_review
v2-0260,III,data_types,preguntar primero,multi_turn_short,es,False,new,dominicano_suave,needs_review
v2-0261,III,constants,preguntar primero,multi_turn_short,es,False,new,dominicano_suave,needs_review
v2-0262,III,variables,preguntar primero,multi_turn_short,es,False,rewritten_from_v1,dominicano_suave,needs_review
v2-0263,III,operators,preguntar primero,multi_turn_short,es,True,new,dominicano_suave,needs_review
v2-0264,III,expressions,preguntar primero,multi_turn_short,es,False,new,dominicano_suave,needs_review
v2-0265,III,type_conversions,preguntar primero,multi_turn_short,es,False,new,dominicano_suave,needs_review
v2-0266,III,program_elements,preguntar primero,multi_turn_short,es,False,new,dominicano_suave,needs_review
v2-0267,III,data_types,preguntar primero,multi_turn_short,es,True,new,dominicano_suave,needs_review
v2-0268,III,constants,preguntar primero,multi_turn_short,es,False,new,dominicano_suave,needs_review
v2-0269,III,variables,preguntar primero,multi_turn_short,es,False,new,dominicano_suave,needs_review
v2-0270,III,operators,preguntar primero,multi_turn_short,es,False,new,dominicano_suave,needs_review
v2-0271,IV,selection_structures,explicar primero,single_turn,en,True,rewritten_from_v1,dominicano_suave,needs_review
v2-0272,IV,while_loop,explicar primero,single_turn,en,False,new,dominicano_suave,needs_review
v2-0273,IV,for_loop,explicar primero,single_turn,en,False,new,dominicano_suave,needs_review
v2-0274,IV,do_while_loop,explicar primero,single_turn,en,True,new,dominicano_suave,needs_review
v2-0275,IV,choose_structure,explicar primero,single_turn,en,False,new,dominicano_suave,needs_review
v2-0276,IV,interrupt_loops,explicar primero,single_turn,en,True,new,dominicano_suave,needs_review
v2-0277,IV,flags,explicar primero,single_turn,es,False,rewritten_from_v1,dominicano_suave,needs_review
v2-0278,IV,counters_accumulators,explicar primero,single_turn,es,False,new,dominicano_suave,needs_review
v2-0279,IV,selection_structures,explicar primero,single_turn,es,True,new,dominicano_suave,needs_review
v2-0280,IV,while_loop,explicar primero,single_turn,es,False,new,dominicano_suave,needs_review
v2-0281,IV,for_loop,explicar primero,single_turn,es,True,new,dominicano_suave,needs_review
v2-0282,IV,do_while_loop,explicar primero,single_turn,es,False,rewritten_from_v1,dominicano_suave,needs_review
v2-0283,IV,choose_structure,explicar primero,single_turn,es,False,new,dominicano_suave,needs_review
v2-0284,IV,interrupt_loops,explicar primero,single_turn,es,True,new,dominicano_suave,needs_review
v2-0285,IV,flags,explicar primero,single_turn,es,False,new,dominicano_suave,needs_review
v2-0286,IV,counters_accumulators,explicar primero,single_turn,es,True,new,dominicano_suave,needs_review
v2-0287,IV,selection_structures,explicar primero,single_turn,es,False,rewritten_from_v1,dominicano_suave,needs_review
v2-0288,IV,while_loop,explicar primero,single_turn,es,False,new,dominicano_suave,needs_review
v2-0289,IV,for_loop,explicar primero,single_turn,es,True,new,dominicano_suave,needs_review
v2-0290,IV,do_while_loop,explicar primero,single_turn,es,False,new,dominicano_suave,needs_review
v2-0291,IV,choose_structure,explicar primero,single_turn,es,True,new,dominicano_suave,needs_review
v2-0292,IV,interrupt_loops,explicar primero,single_turn,es,False,new,dominicano_suave,needs_review
v2-0293,IV,flags,explicar primero,single_turn,es,False,rewritten_from_v1,dominicano_suave,needs_review
v2-0294,IV,counters_accumulators,explicar primero,single_turn,es,True,new,dominicano_suave,needs_review
v2-0295,IV,selection_structures,explicar primero,single_turn,es,False,new,dominicano_suave,needs_review
v2-0296,IV,while_loop,explicar primero,single_turn,es,True,new,dominicano_suave,needs_review
v2-0297,IV,for_loop,explicar primero,single_turn,es,False,new,dominicano_suave,needs_review
v2-0298,IV,do_while_loop,explicar primero,single_turn,es,False,new,dominicano_suave,needs_review
v2-0299,IV,choose_structure,explicar primero,single_turn,es,True,rewritten_from_v1,dominicano_suave,needs_review
v2-0300,IV,interrupt_loops,explicar primero,single_turn,es,False,new,dominicano_suave,needs_review
v2-0301,IV,flags,explicar primero,single_turn,es,True,new,dominicano_suave,needs_review
v2-0302,IV,counters_accumulators,explicar primero,single_turn,es,False,new,dominicano_suave,needs_review
v2-0303,IV,selection_structures,explicar primero,single_turn,es,False,new,dominicano_suave,needs_review
v2-0304,IV,while_loop,explicar primero,single_turn,es,True,rewritten_from_v1,dominicano_suave,needs_review
v2-0305,IV,for_loop,explicar primero,single_turn,es,False,new,dominicano_suave,needs_review
v2-0306,IV,do_while_loop,explicar primero,single_turn,es,False,new,dominicano_suave,needs_review
v2-0307,IV,choose_structure,explicar primero,single_turn,es,True,new,dominicano_suave,needs_review
v2-0308,IV,interrupt_loops,explicar primero,single_turn,es,False,new,dominicano_suave,needs_review
v2-0309,IV,flags,explicar primero,single_turn,es,True,rewritten_from_v1,dominicano_suave,needs_review
v2-0310,IV,counters_accumulators,explicar primero,single_turn,es,False,new,dominicano_suave,needs_review
v2-0311,IV,selection_structures,explicar primero,single_turn,es,False,new,dominicano_suave,needs_review
v2-0312,IV,while_loop,explicar primero,single_turn,es,True,new,dominicano_suave,needs_review
v2-0313,IV,for_loop,explicar primero,single_turn,es,False,new,dominicano_suave,needs_review
v2-0314,IV,do_while_loop,explicar primero,single_turn,es,True,new,dominicano_suave,needs_review
v2-0315,IV,choose_structure,explicar primero,single_turn,es,False,rewritten_from_v1,dominicano_suave,needs_review
v2-0316,IV,interrupt_loops,explicar primero,single_turn,es,False,new,dominicano_suave,needs_review
v2-0317,IV,flags,explicar primero,single_turn,es,True,new,dominicano_suave,needs_review
v2-0318,IV,counters_accumulators,explicar primero,single_turn,es,False,new,dominicano_suave,needs_review
v2-0319,IV,selection_structures,explicar primero,single_turn,es,True,new,dominicano_suave,needs_review
v2-0320,IV,while_loop,explicar primero,single_turn,es,False,new,dominicano_suave,needs_review
v2-0321,IV,for_loop,explicar primero,single_turn,es,False,rewritten_from_v1,dominicano_suave,needs_review
v2-0322,IV,do_while_loop,explicar primero,single_turn,es,True,new,dominicano_suave,needs_review
v2-0323,IV,choose_structure,explicar primero,single_turn,es,False,new,dominicano_suave,needs_review
v2-0324,IV,interrupt_loops,explicar primero,single_turn,es,True,new,dominicano_suave,needs_review
v2-0325,IV,flags,explicar primero,single_turn,es,False,new,dominicano_suave,needs_review
v2-0326,IV,counters_accumulators,explicar primero,single_turn,es,False,rewritten_from_v1,dominicano_suave,needs_review
v2-0327,IV,selection_structures,explicar primero,single_turn,es,True,new,dominicano_suave,needs_review
v2-0328,IV,while_loop,explicar primero,single_turn,es,False,new,dominicano_suave,needs_review
v2-0329,IV,for_loop,explicar primero,single_turn,es,True,new,dominicano_suave,needs_review
v2-0330,IV,do_while_loop,explicar primero,single_turn,es,False,new,dominicano_suave,needs_review
v2-0331,IV,choose_structure,explicar primero,single_turn,es,False,rewritten_from_v1,dominicano_suave,needs_review
v2-0332,IV,interrupt_loops,explicar primero,single_turn,es,True,new,dominicano_suave,needs_review
v2-0333,IV,flags,explicar primero,single_turn,es,False,new,dominicano_suave,needs_review
v2-0334,IV,counters_accumulators,explicar primero,single_turn,es,True,new,dominicano_suave,needs_review
v2-0335,IV,selection_structures,explicar primero,single_turn,es,False,new,dominicano_suave,needs_review
v2-0336,IV,while_loop,explicar primero,single_turn,es,False,new,dominicano_suave,needs_review
v2-0337,IV,for_loop,explicar primero,single_turn,es,True,rewritten_from_v1,dominicano_suave,needs_review
v2-0338,IV,do_while_loop,explicar primero,single_turn,es,False,new,dominicano_suave,needs_review
v2-0339,IV,choose_structure,explicar primero,single_turn,es,False,new,dominicano_suave,needs_review
v2-0340,IV,interrupt_loops,explicar primero,single_turn,es,True,new,dominicano_suave,needs_review
v2-0341,IV,flags,explicar primero,single_turn,es,False,new,dominicano_suave,needs_review
v2-0342,IV,counters_accumulators,explicar primero,single_turn,es,True,new,dominicano_suave,needs_review
v2-0343,IV,selection_structures,explicar primero,single_turn,es,False,rewritten_from_v1,dominicano_suave,needs_review
v2-0344,IV,while_loop,explicar primero,single_turn,es,False,new,dominicano_suave,needs_review
v2-0345,IV,for_loop,explicar primero,single_turn,es,True,new,dominicano_suave,needs_review
v2-0346,IV,do_while_loop,explicar primero,single_turn,es,False,new,dominicano_suave,needs_review
v2-0347,IV,choose_structure,explicar primero,single_turn,es,True,new,dominicano_suave,needs_review
v2-0348,IV,interrupt_loops,explicar primero,single_turn,es,False,rewritten_from_v1,dominicano_suave,needs_review
v2-0349,IV,flags,explicar primero,single_turn,es,False,new,dominicano_suave,needs_review
v2-0350,IV,counters_accumulators,explicar primero,single_turn,es,True,new,dominicano_suave,needs_review
v2-0351,IV,selection_structures,explicar primero,single_turn,es,False,new,dominicano_suave,needs_review
v2-0352,IV,while_loop,explicar primero,single_turn,es,True,new,dominicano_suave,needs_review
v2-0353,IV,for_loop,explicar primero,single_turn,es,False,rewritten_from_v1,dominicano_suave,needs_review
v2-0354,IV,do_while_loop,explicar primero,single_turn,es,False,new,dominicano_suave,needs_review
v2-0355,IV,choose_structure,explicar primero,single_turn,es,True,new,dominicano_suave,needs_review
v2-0356,IV,interrupt_loops,explicar primero,single_turn,es,False,new,dominicano_suave,needs_review
v2-0357,IV,flags,explicar primero,single_turn,es,True,new,dominicano_suave,needs_review
v2-0358,IV,counters_accumulators,explicar primero,single_turn,es,False,new,dominicano_suave,needs_review
v2-0359,IV,selection_structures,explicar primero,single_turn,es,False,rewritten_from_v1,dominicano_suave,needs_review
v2-0360,IV,while_loop,explicar primero,single_turn,es,True,new,dominicano_suave,needs_review
v2-0361,IV,for_loop,explicar primero,single_turn,es,False,new,dominicano_suave,needs_review
v2-0362,IV,do_while_loop,explicar primero,single_turn,es,True,new,dominicano_suave,needs_review
v2-0363,IV,choose_structure,explicar primero,single_turn,es,False,new,dominicano_suave,needs_review
v2-0364,IV,interrupt_loops,explicar primero,single_turn,es,False,new,dominicano_suave,needs_review
v2-0365,IV,flags,explicar primero,single_turn,es,True,rewritten_from_v1,dominicano_suave,needs_review
v2-0366,IV,counters_accumulators,explicar primero,single_turn,es,False,new,dominicano_suave,needs_review
v2-0367,IV,selection_structures,explicar primero,single_turn,es,True,new,dominicano_suave,needs_review
v2-0368,IV,while_loop,explicar primero,single_turn,es,False,new,dominicano_suave,needs_review
v2-0369,IV,for_loop,explicar primero,single_turn,es,False,new,dominicano_suave,needs_review
v2-0370,IV,do_while_loop,explicar primero,single_turn,es,True,rewritten_from_v1,dominicano_suave,needs_review
v2-0371,IV,choose_structure,explicar primero,single_turn,es,False,new,dominicano_suave,needs_review
v2-0372,IV,interrupt_loops,explicar primero,single_turn,es,False,new,dominicano_suave,needs_review
v2-0373,IV,flags,explicar primero,single_turn,es,True,new,dominicano_suave,needs_review
v2-0374,IV,counters_accumulators,explicar primero,single_turn,es,False,new,dominicano_suave,needs_review
v2-0375,IV,selection_structures,explicar primero,single_turn,es,True,rewritten_from_v1,dominicano_suave,needs_review
v2-0376,IV,while_loop,explicar primero,single_turn,es,False,new,dominicano_suave,needs_review
v2-0377,IV,for_loop,explicar primero,single_turn,es,False,new,dominicano_suave,needs_review
v2-0378,IV,do_while_loop,explicar primero,multi_turn_short,es,True,new,dominicano_suave,needs_review
v2-0379,IV,choose_structure,explicar primero,multi_turn_short,es,False,new,dominicano_suave,needs_review
v2-0380,IV,interrupt_loops,explicar primero,multi_turn_short,es,True,new,dominicano_suave,needs_review
v2-0381,IV,flags,explicar primero,multi_turn_short,es,False,rewritten_from_v1,dominicano_suave,needs_review
v2-0382,IV,counters_accumulators,explicar primero,multi_turn_short,es,False,new,dominicano_suave,needs_review
v2-0383,IV,selection_structures,explicar primero,multi_turn_short,es,True,new,dominicano_suave,needs_review
v2-0384,IV,while_loop,explicar primero,multi_turn_short,es,False,new,dominicano_suave,needs_review
v2-0385,IV,for_loop,explicar primero,multi_turn_short,es,True,new,dominicano_suave,needs_review
v2-0386,IV,do_while_loop,explicar primero,multi_turn_short,es,False,new,dominicano_suave,needs_review
v2-0387,IV,choose_structure,explicar primero,multi_turn_short,es,False,rewritten_from_v1,dominicano_suave,needs_review
v2-0388,IV,interrupt_loops,explicar primero,multi_turn_short,es,True,new,dominicano_suave,needs_review
v2-0389,IV,flags,explicar primero,multi_turn_short,es,False,new,dominicano_suave,needs_review
v2-0390,IV,counters_accumulators,explicar primero,multi_turn_short,es,True,new,dominicano_suave,needs_review
v2-0391,IV,selection_structures,explicar primero,multi_turn_short,es,False,new,dominicano_suave,needs_review
v2-0392,IV,while_loop,explicar primero,multi_turn_short,es,False,rewritten_from_v1,dominicano_suave,needs_review
v2-0393,IV,for_loop,explicar primero,multi_turn_short,es,True,new,dominicano_suave,needs_review
v2-0394,IV,do_while_loop,explicar primero,multi_turn_short,es,False,new,dominicano_suave,needs_review
v2-0395,IV,choose_structure,explicar primero,multi_turn_short,es,True,new,dominicano_suave,needs_review
v2-0396,IV,selection_structures,corregir misconception,single_turn,en,False,new,dominicano_suave,needs_review
v2-0397,IV,while_loop,corregir misconception,single_turn,en,False,rewritten_from_v1,dominicano_suave,needs_review
v2-0398,IV,for_loop,corregir misconception,single_turn,en,True,new,dominicano_suave,needs_review
v2-0399,IV,do_while_loop,corregir misconception,single_turn,en,False,new,dominicano_suave,needs_review
v2-0400,IV,choose_structure,corregir misconception,single_turn,en,True,new,dominicano_suave,needs_review
v2-0401,IV,interrupt_loops,corregir misconception,single_turn,en,False,new,dominicano_suave,needs_review
v2-0402,IV,flags,corregir misconception,single_turn,es,False,new,dominicano_suave,needs_review
v2-0403,IV,counters_accumulators,corregir misconception,single_turn,es,True,rewritten_from_v1,dominicano_suave,needs_review
v2-0404,IV,selection_structures,corregir misconception,single_turn,es,False,new,dominicano_suave,needs_review
v2-0405,IV,while_loop,corregir misconception,single_turn,es,False,new,dominicano_suave,needs_review
v2-0406,IV,for_loop,corregir misconception,single_turn,es,True,new,dominicano_suave,needs_review
v2-0407,IV,do_while_loop,corregir misconception,single_turn,es,False,new,dominicano_suave,needs_review
v2-0408,IV,choose_structure,corregir misconception,single_turn,es,True,new,dominicano_suave,needs_review
v2-0409,IV,interrupt_loops,corregir misconception,single_turn,es,False,rewritten_from_v1,dominicano_suave,needs_review
v2-0410,IV,flags,corregir misconception,single_turn,es,False,new,dominicano_suave,needs_review
v2-0411,IV,counters_accumulators,corregir misconception,single_turn,es,True,new,dominicano_suave,needs_review
v2-0412,IV,selection_structures,corregir misconception,single_turn,es,False,new,dominicano_suave,needs_review
v2-0413,IV,while_loop,corregir misconception,single_turn,es,True,new,dominicano_suave,needs_review
v2-0414,IV,for_loop,corregir misconception,single_turn,es,False,rewritten_from_v1,dominicano_suave,needs_review
v2-0415,IV,do_while_loop,corregir misconception,single_turn,es,False,new,dominicano_suave,needs_review
v2-0416,IV,choose_structure,corregir misconception,single_turn,es,True,new,dominicano_suave,needs_review
v2-0417,IV,interrupt_loops,corregir misconception,single_turn,es,False,new,dominicano_suave,needs_review
v2-0418,IV,flags,corregir misconception,single_turn,es,True,new,dominicano_suave,needs_review
v2-0419,IV,counters_accumulators,corregir misconception,single_turn,es,False,rewritten_from_v1,dominicano_suave,needs_review
v2-0420,IV,selection_structures,corregir misconception,single_turn,es,False,new,dominicano_suave,needs_review
v2-0421,IV,while_loop,corregir misconception,single_turn,es,True,new,dominicano_suave,needs_review
v2-0422,IV,for_loop,corregir misconception,single_turn,es,False,new,dominicano_suave,needs_review
v2-0423,IV,do_while_loop,corregir misconception,single_turn,es,True,new,dominicano_suave,needs_review
v2-0424,IV,choose_structure,corregir misconception,single_turn,es,False,new,dominicano_suave,needs_review
v2-0425,IV,interrupt_loops,corregir misconception,single_turn,es,False,rewritten_from_v1,dominicano_suave,needs_review
v2-0426,IV,flags,corregir misconception,single_turn,es,True,new,dominicano_suave,needs_review
v2-0427,IV,counters_accumulators,corregir misconception,single_turn,es,False,new,dominicano_suave,needs_review
v2-0428,IV,selection_structures,corregir misconception,single_turn,es,True,new,dominicano_suave,needs_review
v2-0429,IV,while_loop,corregir misconception,single_turn,es,False,new,dominicano_suave,needs_review
v2-0430,IV,for_loop,corregir misconception,single_turn,es,False,new,dominicano_suave,needs_review
v2-0431,IV,do_while_loop,corregir misconception,single_turn,es,True,rewritten_from_v1,dominicano_suave,needs_review
v2-0432,IV,choose_structure,corregir misconception,single_turn,es,False,new,dominicano_suave,needs_review
v2-0433,IV,interrupt_loops,corregir misconception,single_turn,es,True,new,dominicano_suave,needs_review
v2-0434,IV,flags,corregir misconception,single_turn,es,False,new,dominicano_suave,needs_review
v2-0435,IV,counters_accumulators,corregir misconception,single_turn,es,False,new,dominicano_suave,needs_review
v2-0436,IV,selection_structures,corregir misconception,single_turn,es,True,rewritten_from_v1,dominicano_suave,needs_review
v2-0437,IV,while_loop,corregir misconception,single_turn,es,False,new,dominicano_suave,needs_review
v2-0438,IV,for_loop,corregir misconception,single_turn,es,False,new,dominicano_suave,needs_review
v2-0439,IV,do_while_loop,corregir misconception,single_turn,es,True,new,dominicano_suave,needs_review
v2-0440,IV,choose_structure,corregir misconception,single_turn,es,False,new,dominicano_suave,needs_review
v2-0441,IV,interrupt_loops,corregir misconception,single_turn,es,True,rewritten_from_v1,dominicano_suave,needs_review
v2-0442,IV,flags,corregir misconception,single_turn,es,False,new,dominicano_suave,needs_review
v2-0443,IV,counters_accumulators,corregir misconception,single_turn,es,False,new,dominicano_suave,needs_review
v2-0444,IV,selection_structures,corregir misconception,single_turn,es,True,new,dominicano_suave,needs_review
v2-0445,IV,while_loop,corregir misconception,single_turn,es,False,new,dominicano_suave,needs_review
v2-0446,IV,for_loop,corregir misconception,single_turn,es,True,new,dominicano_suave,needs_review
v2-0447,IV,do_while_loop,corregir misconception,single_turn,es,False,rewritten_from_v1,dominicano_suave,needs_review
v2-0448,IV,choose_structure,corregir misconception,single_turn,es,False,new,dominicano_suave,needs_review
v2-0449,IV,interrupt_loops,corregir misconception,single_turn,es,True,new,dominicano_suave,needs_review
v2-0450,IV,flags,corregir misconception,single_turn,es,False,new,dominicano_suave,needs_review
v2-0451,IV,counters_accumulators,corregir misconception,single_turn,es,True,new,dominicano_suave,needs_review
v2-0452,IV,selection_structures,corregir misconception,single_turn,es,False,new,dominicano_suave,needs_review
v2-0453,IV,while_loop,corregir misconception,single_turn,es,False,rewritten_from_v1,dominicano_suave,needs_review
v2-0454,IV,for_loop,corregir misconception,single_turn,es,True,new,dominicano_suave,needs_review
v2-0455,IV,do_while_loop,corregir misconception,single_turn,es,False,new,dominicano_suave,needs_review
v2-0456,IV,choose_structure,corregir misconception,single_turn,es,True,new,dominicano_suave,needs_review
v2-0457,IV,interrupt_loops,corregir misconception,single_turn,es,False,new,dominicano_suave,needs_review
v2-0458,IV,flags,corregir misconception,single_turn,es,False,rewritten_from_v1,dominicano_suave,needs_review
v2-0459,IV,counters_accumulators,corregir misconception,single_turn,es,True,new,dominicano_suave,needs_review
v2-0460,IV,selection_structures,corregir misconception,single_turn,es,False,new,dominicano_suave,needs_review
v2-0461,IV,while_loop,corregir misconception,single_turn,es,True,new,dominicano_suave,needs_review
v2-0462,IV,for_loop,corregir misconception,single_turn,es,False,new,dominicano_suave,needs_review
v2-0463,IV,do_while_loop,corregir misconception,single_turn,es,False,rewritten_from_v1,dominicano_suave,needs_review
v2-0464,IV,choose_structure,corregir misconception,single_turn,es,True,new,dominicano_suave,needs_review
v2-0465,IV,interrupt_loops,corregir misconception,single_turn,es,False,new,dominicano_suave,needs_review
v2-0466,IV,flags,corregir misconception,single_turn,es,True,new,dominicano_suave,needs_review
v2-0467,IV,counters_accumulators,corregir misconception,single_turn,es,False,new,dominicano_suave,needs_review
v2-0468,IV,selection_structures,corregir misconception,single_turn,es,False,new,dominicano_suave,needs_review
v2-0469,IV,while_loop,corregir misconception,single_turn,es,True,rewritten_from_v1,dominicano_suave,needs_review
v2-0470,IV,for_loop,corregir misconception,single_turn,es,False,new,dominicano_suave,needs_review
v2-0471,IV,do_while_loop,corregir misconception,single_turn,es,False,new,dominicano_suave,needs_review
v2-0472,IV,choose_structure,corregir misconception,single_turn,es,True,new,dominicano_suave,needs_review
v2-0473,IV,interrupt_loops,corregir misconception,multi_turn_short,es,False,new,dominicano_suave,needs_review
v2-0474,IV,flags,corregir misconception,multi_turn_short,es,True,new,dominicano_suave,needs_review
v2-0475,IV,counters_accumulators,corregir misconception,multi_turn_short,es,False,rewritten_from_v1,dominicano_suave,needs_review
v2-0476,IV,selection_structures,corregir misconception,multi_turn_short,es,False,new,dominicano_suave,needs_review
v2-0477,IV,while_loop,corregir misconception,multi_turn_short,es,True,new,dominicano_suave,needs_review
v2-0478,IV,for_loop,corregir misconception,multi_turn_short,es,False,new,dominicano_suave,needs_review
v2-0479,IV,do_while_loop,corregir misconception,multi_turn_short,es,True,new,dominicano_suave,needs_review
v2-0480,IV,choose_structure,corregir misconception,multi_turn_short,es,False,rewritten_from_v1,dominicano_suave,needs_review
v2-0481,IV,interrupt_loops,corregir misconception,multi_turn_short,es,False,new,dominicano_suave,needs_review
v2-0482,IV,flags,corregir misconception,multi_turn_short,es,True,new,dominicano_suave,needs_review
v2-0483,IV,counters_accumulators,corregir misconception,multi_turn_short,es,False,new,dominicano_suave,needs_review
v2-0484,IV,selection_structures,corregir misconception,multi_turn_short,es,True,new,dominicano_suave,needs_review
v2-0485,IV,while_loop,corregir misconception,multi_turn_short,es,False,rewritten_from_v1,dominicano_suave,needs_review
v2-0486,IV,for_loop,corregir misconception,multi_turn_short,es,False,new,dominicano_suave,needs_review
v2-0487,IV,do_while_loop,corregir misconception,multi_turn_short,es,True,new,dominicano_suave,needs_review
v2-0488,IV,choose_structure,corregir misconception,multi_turn_short,es,False,new,dominicano_suave,needs_review
v2-0489,IV,interrupt_loops,corregir misconception,multi_turn_short,es,True,new,dominicano_suave,needs_review
v2-0490,IV,flags,corregir misconception,multi_turn_short,es,False,new,dominicano_suave,needs_review
v2-0491,IV,counters_accumulators,corregir misconception,multi_turn_short,es,False,rewritten_from_v1,dominicano_suave,needs_review
v2-0492,IV,selection_structures,corregir misconception,multi_turn_short,es,True,new,dominicano_suave,needs_review
v2-0493,IV,while_loop,corregir misconception,multi_turn_short,es,False,new,dominicano_suave,needs_review
v2-0494,IV,for_loop,corregir misconception,multi_turn_short,es,True,new,dominicano_suave,needs_review
v2-0495,IV,do_while_loop,corregir misconception,multi_turn_short,es,False,new,dominicano_suave,needs_review
v2-0496,IV,choose_structure,corregir misconception,multi_turn_short,es,False,new,dominicano_suave,needs_review
v2-0497,IV,interrupt_loops,corregir misconception,multi_turn_short,es,True,rewritten_from_v1,dominicano_suave,needs_review
v2-0498,IV,flags,corregir misconception,multi_turn_short,es,False,new,dominicano_suave,needs_review
v2-0499,IV,counters_accumulators,corregir misconception,multi_turn_short,es,True,new,dominicano_suave,needs_review
v2-0500,IV,selection_structures,corregir misconception,multi_turn_short,es,False,new,dominicano_suave,needs_review
v2-0501,IV,while_loop,corregir misconception,multi_turn_short,es,False,new,dominicano_suave,needs_review
v2-0502,IV,for_loop,corregir misconception,multi_turn_short,es,True,rewritten_from_v1,dominicano_suave,needs_review
v2-0503,IV,do_while_loop,corregir misconception,multi_turn_short,es,False,new,dominicano_suave,needs_review
v2-0504,IV,choose_structure,corregir misconception,multi_turn_short,es,False,new,dominicano_suave,needs_review
v2-0505,IV,interrupt_loops,corregir misconception,multi_turn_short,es,True,new,dominicano_suave,needs_review
v2-0506,IV,flags,corregir misconception,multi_turn_short,es,False,new,dominicano_suave,needs_review
v2-0507,IV,counters_accumulators,corregir misconception,multi_turn_short,es,True,rewritten_from_v1,dominicano_suave,needs_review
v2-0508,IV,selection_structures,corregir misconception,multi_turn_short,es,False,new,dominicano_suave,needs_review
v2-0509,IV,while_loop,corregir misconception,multi_turn_short,es,False,new,dominicano_suave,needs_review
v2-0510,IV,for_loop,corregir misconception,multi_turn_short,es,True,new,dominicano_suave,needs_review
v2-0511,IV,selection_structures,preguntar primero,single_turn,en,False,new,dominicano_suave,needs_review
v2-0512,IV,while_loop,preguntar primero,single_turn,en,True,new,dominicano_suave,needs_review
v2-0513,IV,for_loop,preguntar primero,single_turn,en,False,rewritten_from_v1,dominicano_suave,needs_review
v2-0514,IV,do_while_loop,preguntar primero,single_turn,en,False,new,dominicano_suave,needs_review
v2-0515,IV,choose_structure,preguntar primero,single_turn,en,True,new,dominicano_suave,needs_review
v2-0516,IV,interrupt_loops,preguntar primero,single_turn,en,False,new,dominicano_suave,needs_review
v2-0517,IV,flags,preguntar primero,single_turn,es,True,new,dominicano_suave,needs_review
v2-0518,IV,counters_accumulators,preguntar primero,single_turn,es,False,new,dominicano_suave,needs_review
v2-0519,IV,selection_structures,preguntar primero,single_turn,es,False,rewritten_from_v1,dominicano_suave,needs_review
v2-0520,IV,while_loop,preguntar primero,single_turn,es,True,new,dominicano_suave,needs_review
v2-0521,IV,for_loop,preguntar primero,single_turn,es,False,new,dominicano_suave,needs_review
v2-0522,IV,do_while_loop,preguntar primero,single_turn,es,True,new,dominicano_suave,needs_review
v2-0523,IV,choose_structure,preguntar primero,single_turn,es,False,new,dominicano_suave,needs_review
v2-0524,IV,interrupt_loops,preguntar primero,single_turn,es,False,rewritten_from_v1,dominicano_suave,needs_review
v2-0525,IV,flags,preguntar primero,single_turn,es,True,new,dominicano_suave,needs_review
v2-0526,IV,counters_accumulators,preguntar primero,single_turn,es,False,new,dominicano_suave,needs_review
v2-0527,IV,selection_structures,preguntar primero,single_turn,es,True,new,dominicano_suave,needs_review
v2-0528,IV,while_loop,preguntar primero,single_turn,es,False,new,dominicano_suave,needs_review
v2-0529,IV,for_loop,preguntar primero,single_turn,es,False,rewritten_from_v1,dominicano_suave,needs_review
v2-0530,IV,do_while_loop,preguntar primero,single_turn,es,True,new,dominicano_suave,needs_review
v2-0531,IV,choose_structure,preguntar primero,single_turn,es,False,new,dominicano_suave,needs_review
v2-0532,IV,interrupt_loops,preguntar primero,single_turn,es,True,new,dominicano_suave,needs_review
v2-0533,IV,flags,preguntar primero,single_turn,es,False,new,dominicano_suave,needs_review
v2-0534,IV,counters_accumulators,preguntar primero,single_turn,es,False,new,dominicano_suave,needs_review
v2-0535,IV,selection_structures,preguntar primero,single_turn,es,True,rewritten_from_v1,dominicano_suave,needs_review
v2-0536,IV,while_loop,preguntar primero,single_turn,es,False,new,dominicano_suave,needs_review
v2-0537,IV,for_loop,preguntar primero,single_turn,es,False,new,dominicano_suave,needs_review
v2-0538,IV,do_while_loop,preguntar primero,single_turn,es,True,new,dominicano_suave,needs_review
v2-0539,IV,choose_structure,preguntar primero,single_turn,es,False,new,dominicano_suave,needs_review
v2-0540,IV,interrupt_loops,preguntar primero,single_turn,es,True,new,dominicano_suave,needs_review
v2-0541,IV,flags,preguntar primero,single_turn,es,False,rewritten_from_v1,dominicano_suave,needs_review
v2-0542,IV,counters_accumulators,preguntar primero,single_turn,es,False,new,dominicano_suave,needs_review
v2-0543,IV,selection_structures,preguntar primero,single_turn,es,True,new,dominicano_suave,needs_review
v2-0544,IV,while_loop,preguntar primero,single_turn,es,False,new,dominicano_suave,needs_review
v2-0545,IV,for_loop,preguntar primero,single_turn,es,True,new,dominicano_suave,needs_review
v2-0546,IV,do_while_loop,preguntar primero,single_turn,es,False,rewritten_from_v1,dominicano_suave,needs_review
v2-0547,IV,choose_structure,preguntar primero,single_turn,es,False,new,dominicano_suave,needs_review
v2-0548,IV,interrupt_loops,preguntar primero,single_turn,es,True,new,dominicano_suave,needs_review
v2-0549,IV,flags,preguntar primero,single_turn,es,False,new,dominicano_suave,needs_review
v2-0550,IV,counters_accumulators,preguntar primero,single_turn,es,True,new,dominicano_suave,needs_review
v2-0551,IV,selection_structures,preguntar primero,single_turn,es,False,rewritten_from_v1,dominicano_suave,needs_review
v2-0552,IV,while_loop,preguntar primero,single_turn,es,False,new,dominicano_suave,needs_review
v2-0553,IV,for_loop,preguntar primero,single_turn,es,True,new,dominicano_suave,needs_review
v2-0554,IV,do_while_loop,preguntar primero,single_turn,es,False,new,dominicano_suave,needs_review
v2-0555,IV,choose_structure,preguntar primero,single_turn,es,True,new,dominicano_suave,needs_review
v2-0556,IV,interrupt_loops,preguntar primero,single_turn,es,False,new,dominicano_suave,needs_review
v2-0557,IV,flags,preguntar primero,single_turn,es,False,rewritten_from_v1,dominicano_suave,needs_review
v2-0558,IV,counters_accumulators,preguntar primero,single_turn,es,True,new,dominicano_suave,needs_review
v2-0559,IV,selection_structures,preguntar primero,single_turn,es,False,new,dominicano_suave,needs_review
v2-0560,IV,while_loop,preguntar primero,single_turn,es,True,new,dominicano_suave,needs_review
v2-0561,IV,for_loop,preguntar primero,single_turn,es,False,new,dominicano_suave,needs_review
v2-0562,IV,do_while_loop,preguntar primero,single_turn,es,False,new,dominicano_suave,needs_review
v2-0563,IV,choose_structure,preguntar primero,single_turn,es,True,rewritten_from_v1,dominicano_suave,needs_review
v2-0564,IV,interrupt_loops,preguntar primero,single_turn,es,False,new,dominicano_suave,needs_review
v2-0565,IV,flags,preguntar primero,single_turn,es,True,new,dominicano_suave,needs_review
v2-0566,IV,counters_accumulators,preguntar primero,single_turn,es,False,new,dominicano_suave,needs_review
v2-0567,IV,selection_structures,preguntar primero,single_turn,es,False,new,dominicano_suave,needs_review
v2-0568,IV,while_loop,preguntar primero,single_turn,es,True,rewritten_from_v1,dominicano_suave,needs_review
v2-0569,IV,for_loop,preguntar primero,single_turn,es,False,new,dominicano_suave,needs_review
v2-0570,IV,do_while_loop,preguntar primero,single_turn,es,False,new,dominicano_suave,needs_review
v2-0571,IV,choose_structure,preguntar primero,single_turn,es,True,new,dominicano_suave,needs_review
v2-0572,IV,interrupt_loops,preguntar primero,single_turn,es,False,new,dominicano_suave,needs_review
v2-0573,IV,flags,preguntar primero,single_turn,es,True,rewritten_from_v1,dominicano_suave,needs_review
v2-0574,IV,counters_accumulators,preguntar primero,single_turn,es,False,new,dominicano_suave,needs_review
v2-0575,IV,selection_structures,preguntar primero,single_turn,es,False,new,dominicano_suave,needs_review
v2-0576,IV,while_loop,preguntar primero,single_turn,es,True,new,dominicano_suave,needs_review
v2-0577,IV,for_loop,preguntar primero,single_turn,es,False,new,dominicano_suave,needs_review
v2-0578,IV,do_while_loop,preguntar primero,single_turn,es,True,new,dominicano_suave,needs_review
v2-0579,IV,choose_structure,preguntar primero,single_turn,es,False,rewritten_from_v1,dominicano_suave,needs_review
v2-0580,IV,interrupt_loops,preguntar primero,single_turn,es,False,new,dominicano_suave,needs_review
v2-0581,IV,flags,preguntar primero,single_turn,es,True,new,dominicano_suave,needs_review
v2-0582,IV,counters_accumulators,preguntar primero,single_turn,es,False,new,dominicano_suave,needs_review
v2-0583,IV,selection_structures,preguntar primero,multi_turn_short,es,True,new,dominicano_suave,needs_review
v2-0584,IV,while_loop,preguntar primero,multi_turn_short,es,False,new,dominicano_suave,needs_review
v2-0585,IV,for_loop,preguntar primero,multi_turn_short,es,False,rewritten_from_v1,dominicano_suave,needs_review
v2-0586,IV,do_while_loop,preguntar primero,multi_turn_short,es,True,new,dominicano_suave,needs_review
v2-0587,IV,choose_structure,preguntar primero,multi_turn_short,es,False,new,dominicano_suave,needs_review
v2-0588,IV,interrupt_loops,preguntar primero,multi_turn_short,es,True,new,dominicano_suave,needs_review
v2-0589,IV,flags,preguntar primero,multi_turn_short,es,False,new,dominicano_suave,needs_review
v2-0590,IV,counters_accumulators,preguntar primero,multi_turn_short,es,False,rewritten_from_v1,dominicano_suave,needs_review
v2-0591,IV,selection_structures,preguntar primero,multi_turn_short,es,True,new,dominicano_suave,needs_review
v2-0592,IV,while_loop,preguntar primero,multi_turn_short,es,False,new,dominicano_suave,needs_review
v2-0593,IV,for_loop,preguntar primero,multi_turn_short,es,True,new,dominicano_suave,needs_review
v2-0594,IV,do_while_loop,preguntar primero,multi_turn_short,es,False,new,dominicano_suave,needs_review
v2-0595,IV,choose_structure,preguntar primero,multi_turn_short,es,False,rewritten_from_v1,dominicano_suave,needs_review
v2-0596,IV,interrupt_loops,preguntar primero,multi_turn_short,es,True,new,dominicano_suave,needs_review
v2-0597,IV,flags,preguntar primero,multi_turn_short,es,False,new,dominicano_suave,needs_review
v2-0598,IV,counters_accumulators,preguntar primero,multi_turn_short,es,True,new,dominicano_suave,needs_review
v2-0599,IV,selection_structures,preguntar primero,multi_turn_short,es,False,new,dominicano_suave,needs_review
v2-0600,IV,while_loop,preguntar primero,multi_turn_short,es,False,new,dominicano_suave,needs_review
v2-0601,V,modularization_importance,explicar primero,single_turn,en,True,rewritten_from_v1,dominicano_suave,needs_review
v2-0602,V,subprogram_definition,explicar primero,single_turn,en,False,new,dominicano_suave,needs_review
v2-0603,V,invocation,explicar primero,single_turn,en,False,new,dominicano_suave,needs_review
v2-0604,V,return_values,explicar primero,single_turn,en,True,new,dominicano_suave,needs_review
v2-0605,V,parameter_passing,explicar primero,single_turn,en,False,new,dominicano_suave,needs_review
v2-0606,V,modularization_importance,explicar primero,single_turn,en,True,rewritten_from_v1,dominicano_suave,needs_review
v2-0607,V,subprogram_definition,explicar primero,single_turn,es,False,new,dominicano_suave,needs_review
v2-0608,V,invocation,explicar primero,single_turn,es,False,new,dominicano_suave,needs_review
v2-0609,V,return_values,explicar primero,single_turn,es,True,new,dominicano_suave,needs_review
v2-0610,V,parameter_passing,explicar primero,single_turn,es,False,rewritten_from_v1,dominicano_suave,needs_review
v2-0611,V,modularization_importance,explicar primero,single_turn,es,True,new,dominicano_suave,needs_review
v2-0612,V,subprogram_definition,explicar primero,single_turn,es,False,new,dominicano_suave,needs_review
v2-0613,V,invocation,explicar primero,single_turn,es,False,new,dominicano_suave,needs_review
v2-0614,V,return_values,explicar primero,single_turn,es,True,new,dominicano_suave,needs_review
v2-0615,V,parameter_passing,explicar primero,single_turn,es,False,rewritten_from_v1,dominicano_suave,needs_review
v2-0616,V,modularization_importance,explicar primero,single_turn,es,False,new,dominicano_suave,needs_review
v2-0617,V,subprogram_definition,explicar primero,single_turn,es,True,new,dominicano_suave,needs_review
v2-0618,V,invocation,explicar primero,single_turn,es,False,new,dominicano_suave,needs_review
v2-0619,V,return_values,explicar primero,single_turn,es,True,new,dominicano_suave,needs_review
v2-0620,V,parameter_passing,explicar primero,single_turn,es,False,rewritten_from_v1,dominicano_suave,needs_review
v2-0621,V,modularization_importance,explicar primero,single_turn,es,False,new,dominicano_suave,needs_review
v2-0622,V,subprogram_definition,explicar primero,single_turn,es,True,new,dominicano_suave,needs_review
v2-0623,V,invocation,explicar primero,single_turn,es,False,new,dominicano_suave,needs_review
v2-0624,V,return_values,explicar primero,single_turn,es,False,rewritten_from_v1,dominicano_suave,needs_review
v2-0625,V,parameter_passing,explicar primero,single_turn,es,True,new,dominicano_suave,needs_review
v2-0626,V,modularization_importance,explicar primero,single_turn,es,False,new,dominicano_suave,needs_review
v2-0627,V,subprogram_definition,explicar primero,single_turn,es,True,new,dominicano_suave,needs_review
v2-0628,V,invocation,explicar primero,single_turn,es,False,new,dominicano_suave,needs_review
v2-0629,V,return_values,explicar primero,single_turn,es,False,rewritten_from_v1,dominicano_suave,needs_review
v2-0630,V,parameter_passing,explicar primero,single_turn,es,True,new,dominicano_suave,needs_review
v2-0631,V,modularization_importance,explicar primero,single_turn,es,False,new,dominicano_suave,needs_review
v2-0632,V,subprogram_definition,explicar primero,single_turn,es,False,new,dominicano_suave,needs_review
v2-0633,V,invocation,explicar primero,single_turn,es,True,new,dominicano_suave,needs_review
v2-0634,V,return_values,explicar primero,single_turn,es,False,rewritten_from_v1,dominicano_suave,needs_review
v2-0635,V,parameter_passing,explicar primero,single_turn,es,True,new,dominicano_suave,needs_review
v2-0636,V,modularization_importance,explicar primero,single_turn,es,False,new,dominicano_suave,needs_review
v2-0637,V,subprogram_definition,explicar primero,single_turn,es,False,new,dominicano_suave,needs_review
v2-0638,V,invocation,explicar primero,single_turn,es,True,rewritten_from_v1,dominicano_suave,needs_review
v2-0639,V,return_values,explicar primero,single_turn,es,False,new,dominicano_suave,needs_review
v2-0640,V,parameter_passing,explicar primero,single_turn,es,True,new,dominicano_suave,needs_review
v2-0641,V,modularization_importance,explicar primero,single_turn,es,False,new,dominicano_suave,needs_review
v2-0642,V,subprogram_definition,explicar primero,single_turn,es,False,new,dominicano_suave,needs_review
v2-0643,V,invocation,explicar primero,single_turn,es,True,rewritten_from_v1,dominicano_suave,needs_review
v2-0644,V,return_values,explicar primero,single_turn,es,False,new,dominicano_suave,needs_review
v2-0645,V,parameter_passing,explicar primero,single_turn,es,False,new,dominicano_suave,needs_review
v2-0646,V,modularization_importance,explicar primero,single_turn,es,True,new,dominicano_suave,needs_review
v2-0647,V,subprogram_definition,explicar primero,single_turn,es,False,new,dominicano_suave,needs_review
v2-0648,V,invocation,explicar primero,single_turn,es,True,rewritten_from_v1,dominicano_suave,needs_review
v2-0649,V,return_values,explicar primero,single_turn,es,False,new,dominicano_suave,needs_review
v2-0650,V,parameter_passing,explicar primero,single_turn,es,False,new,dominicano_suave,needs_review
v2-0651,V,modularization_importance,explicar primero,single_turn,es,True,new,dominicano_suave,needs_review
v2-0652,V,subprogram_definition,explicar primero,single_turn,es,False,rewritten_from_v1,dominicano_suave,needs_review
v2-0653,V,invocation,explicar primero,single_turn,es,True,new,dominicano_suave,needs_review
v2-0654,V,return_values,explicar primero,single_turn,es,False,new,dominicano_suave,needs_review
v2-0655,V,parameter_passing,explicar primero,single_turn,es,False,new,dominicano_suave,needs_review
v2-0656,V,modularization_importance,explicar primero,single_turn,es,True,new,dominicano_suave,needs_review
v2-0657,V,subprogram_definition,explicar primero,single_turn,es,False,rewritten_from_v1,dominicano_suave,needs_review
v2-0658,V,invocation,explicar primero,single_turn,es,False,new,dominicano_suave,needs_review
v2-0659,V,return_values,explicar primero,single_turn,es,True,new,dominicano_suave,needs_review
v2-0660,V,parameter_passing,explicar primero,single_turn,es,False,new,dominicano_suave,needs_review
v2-0661,V,modularization_importance,explicar primero,single_turn,es,True,new,dominicano_suave,needs_review
v2-0662,V,subprogram_definition,explicar primero,single_turn,es,False,rewritten_from_v1,dominicano_suave,needs_review
v2-0663,V,invocation,explicar primero,single_turn,es,False,new,dominicano_suave,needs_review
v2-0664,V,return_values,explicar primero,single_turn,es,True,new,dominicano_suave,needs_review
v2-0665,V,parameter_passing,explicar primero,single_turn,es,False,new,dominicano_suave,needs_review
v2-0666,V,modularization_importance,explicar primero,single_turn,es,False,rewritten_from_v1,dominicano_suave,needs_review
v2-0667,V,subprogram_definition,explicar primero,single_turn,es,True,new,dominicano_suave,needs_review
v2-0668,V,invocation,explicar primero,single_turn,es,False,new,dominicano_suave,needs_review
v2-0669,V,return_values,explicar primero,single_turn,es,True,new,dominicano_suave,needs_review
v2-0670,V,parameter_passing,explicar primero,multi_turn_short,es,False,new,dominicano_suave,needs_review
v2-0671,V,modularization_importance,explicar primero,multi_turn_short,es,False,rewritten_from_v1,dominicano_suave,needs_review
v2-0672,V,subprogram_definition,explicar primero,multi_turn_short,es,True,new,dominicano_suave,needs_review
v2-0673,V,invocation,explicar primero,multi_turn_short,es,False,new,dominicano_suave,needs_review
v2-0674,V,return_values,explicar primero,multi_turn_short,es,False,new,dominicano_suave,needs_review
v2-0675,V,parameter_passing,explicar primero,multi_turn_short,es,True,new,dominicano_suave,needs_review
v2-0676,V,modularization_importance,explicar primero,multi_turn_short,es,False,rewritten_from_v1,dominicano_suave,needs_review
v2-0677,V,subprogram_definition,explicar primero,multi_turn_short,es,True,new,dominicano_suave,needs_review
v2-0678,V,invocation,explicar primero,multi_turn_short,es,False,new,dominicano_suave,needs_review
v2-0679,V,return_values,explicar primero,multi_turn_short,es,False,new,dominicano_suave,needs_review
v2-0680,V,parameter_passing,explicar primero,multi_turn_short,es,True,rewritten_from_v1,dominicano_suave,needs_review
v2-0681,V,modularization_importance,corregir misconception,single_turn,en,False,new,dominicano_suave,needs_review
v2-0682,V,subprogram_definition,corregir misconception,single_turn,en,True,new,dominicano_suave,needs_review
v2-0683,V,invocation,corregir misconception,single_turn,en,False,new,dominicano_suave,needs_review
v2-0684,V,return_values,corregir misconception,single_turn,en,False,new,dominicano_suave,needs_review
v2-0685,V,parameter_passing,corregir misconception,single_turn,en,True,rewritten_from_v1,dominicano_suave,needs_review
v2-0686,V,modularization_importance,corregir misconception,single_turn,en,False,new,dominicano_suave,needs_review
v2-0687,V,subprogram_definition,corregir misconception,single_turn,es,False,new,dominicano_suave,needs_review
v2-0688,V,invocation,corregir misconception,single_turn,es,True,new,dominicano_suave,needs_review
v2-0689,V,return_values,corregir misconception,single_turn,es,False,new,dominicano_suave,needs_review
v2-0690,V,parameter_passing,corregir misconception,single_turn,es,True,rewritten_from_v1,dominicano_suave,needs_review
v2-0691,V,modularization_importance,corregir misconception,single_turn,es,False,new,dominicano_suave,needs_review
v2-0692,V,subprogram_definition,corregir misconception,single_turn,es,False,new,dominicano_suave,needs_review
v2-0693,V,invocation,corregir misconception,single_turn,es,True,new,dominicano_suave,needs_review
v2-0694,V,return_values,corregir misconception,single_turn,es,False,rewritten_from_v1,dominicano_suave,needs_review
v2-0695,V,parameter_passing,corregir misconception,single_turn,es,True,new,dominicano_suave,needs_review
v2-0696,V,modularization_importance,corregir misconception,single_turn,es,False,new,dominicano_suave,needs_review
v2-0697,V,subprogram_definition,corregir misconception,single_turn,es,False,new,dominicano_suave,needs_review
v2-0698,V,invocation,corregir misconception,single_turn,es,True,new,dominicano_suave,needs_review
v2-0699,V,return_values,corregir misconception,single_turn,es,False,rewritten_from_v1,dominicano_suave,needs_review
v2-0700,V,parameter_passing,corregir misconception,single_turn,es,False,new,dominicano_suave,needs_review
v2-0701,V,modularization_importance,corregir misconception,single_turn,es,True,new,dominicano_suave,needs_review
v2-0702,V,subprogram_definition,corregir misconception,single_turn,es,False,new,dominicano_suave,needs_review
v2-0703,V,invocation,corregir misconception,single_turn,es,True,new,dominicano_suave,needs_review
v2-0704,V,return_values,corregir misconception,single_turn,es,False,rewritten_from_v1,dominicano_suave,needs_review
v2-0705,V,parameter_passing,corregir misconception,single_turn,es,False,new,dominicano_suave,needs_review
v2-0706,V,modularization_importance,corregir misconception,single_turn,es,True,new,dominicano_suave,needs_review
v2-0707,V,subprogram_definition,corregir misconception,single_turn,es,False,new,dominicano_suave,needs_review
v2-0708,V,invocation,corregir misconception,single_turn,es,False,rewritten_from_v1,dominicano_suave,needs_review
v2-0709,V,return_values,corregir misconception,single_turn,es,True,new,dominicano_suave,needs_review
v2-0710,V,parameter_passing,corregir misconception,single_turn,es,False,new,dominicano_suave,needs_review
v2-0711,V,modularization_importance,corregir misconception,single_turn,es,True,new,dominicano_suave,needs_review
v2-0712,V,subprogram_definition,corregir misconception,single_turn,es,False,new,dominicano_suave,needs_review
v2-0713,V,invocation,corregir misconception,single_turn,es,False,rewritten_from_v1,dominicano_suave,needs_review
v2-0714,V,return_values,corregir misconception,single_turn,es,True,new,dominicano_suave,needs_review
v2-0715,V,parameter_passing,corregir misconception,single_turn,es,False,new,dominicano_suave,needs_review
v2-0716,V,modularization_importance,corregir misconception,single_turn,es,False,new,dominicano_suave,needs_review
v2-0717,V,subprogram_definition,corregir misconception,single_turn,es,True,new,dominicano_suave,needs_review
v2-0718,V,invocation,corregir misconception,single_turn,es,False,rewritten_from_v1,dominicano_suave,needs_review
v2-0719,V,return_values,corregir misconception,single_turn,es,True,new,dominicano_suave,needs_review
v2-0720,V,parameter_passing,corregir misconception,single_turn,es,False,new,dominicano_suave,needs_review
v2-0721,V,modularization_importance,corregir misconception,single_turn,es,False,new,dominicano_suave,needs_review
v2-0722,V,subprogram_definition,corregir misconception,single_turn,es,True,rewritten_from_v1,dominicano_suave,needs_review
v2-0723,V,invocation,corregir misconception,single_turn,es,False,new,dominicano_suave,needs_review
v2-0724,V,return_values,corregir misconception,single_turn,es,True,new,dominicano_suave,needs_review
v2-0725,V,parameter_passing,corregir misconception,single_turn,es,False,new,dominicano_suave,needs_review
v2-0726,V,modularization_importance,corregir misconception,single_turn,es,False,new,dominicano_suave,needs_review
v2-0727,V,subprogram_definition,corregir misconception,single_turn,es,True,rewritten_from_v1,dominicano_suave,needs_review
v2-0728,V,invocation,corregir misconception,multi_turn_short,es,False,new,dominicano_suave,needs_review
v2-0729,V,return_values,corregir misconception,multi_turn_short,es,False,new,dominicano_suave,needs_review
v2-0730,V,parameter_passing,corregir misconception,multi_turn_short,es,True,new,dominicano_suave,needs_review
v2-0731,V,modularization_importance,corregir misconception,multi_turn_short,es,False,new,dominicano_suave,needs_review
v2-0732,V,subprogram_definition,corregir misconception,multi_turn_short,es,True,rewritten_from_v1,dominicano_suave,needs_review
v2-0733,V,invocation,corregir misconception,multi_turn_short,es,False,new,dominicano_suave,needs_review
v2-0734,V,return_values,corregir misconception,multi_turn_short,es,False,new,dominicano_suave,needs_review
v2-0735,V,parameter_passing,corregir misconception,multi_turn_short,es,True,new,dominicano_suave,needs_review
v2-0736,V,modularization_importance,corregir misconception,multi_turn_short,es,False,rewritten_from_v1,dominicano_suave,needs_review
v2-0737,V,subprogram_definition,corregir misconception,multi_turn_short,es,True,new,dominicano_suave,needs_review
v2-0738,V,invocation,corregir misconception,multi_turn_short,es,False,new,dominicano_suave,needs_review
v2-0739,V,return_values,corregir misconception,multi_turn_short,es,False,new,dominicano_suave,needs_review
v2-0740,V,parameter_passing,corregir misconception,multi_turn_short,es,True,new,dominicano_suave,needs_review
v2-0741,V,modularization_importance,corregir misconception,multi_turn_short,es,False,rewritten_from_v1,dominicano_suave,needs_review
v2-0742,V,subprogram_definition,corregir misconception,multi_turn_short,es,False,new,dominicano_suave,needs_review
v2-0743,V,invocation,corregir misconception,multi_turn_short,es,True,new,dominicano_suave,needs_review
v2-0744,V,return_values,corregir misconception,multi_turn_short,es,False,new,dominicano_suave,needs_review
v2-0745,V,parameter_passing,corregir misconception,multi_turn_short,es,True,new,dominicano_suave,needs_review
v2-0746,V,modularization_importance,corregir misconception,multi_turn_short,es,False,rewritten_from_v1,dominicano_suave,needs_review
v2-0747,V,subprogram_definition,corregir misconception,multi_turn_short,es,False,new,dominicano_suave,needs_review
v2-0748,V,invocation,corregir misconception,multi_turn_short,es,True,new,dominicano_suave,needs_review
v2-0749,V,return_values,corregir misconception,multi_turn_short,es,False,new,dominicano_suave,needs_review
v2-0750,V,parameter_passing,corregir misconception,multi_turn_short,es,False,rewritten_from_v1,dominicano_suave,needs_review
v2-0751,V,modularization_importance,preguntar primero,single_turn,es,True,new,dominicano_suave,needs_review
v2-0752,V,subprogram_definition,preguntar primero,single_turn,es,False,new,dominicano_suave,needs_review
v2-0753,V,invocation,preguntar primero,single_turn,es,True,new,dominicano_suave,needs_review
v2-0754,V,return_values,preguntar primero,single_turn,es,False,new,dominicano_suave,needs_review
v2-0755,V,parameter_passing,preguntar primero,single_turn,es,False,rewritten_from_v1,dominicano_suave,needs_review
v2-0756,V,modularization_importance,preguntar primero,single_turn,es,True,new,dominicano_suave,needs_review
v2-0757,V,subprogram_definition,preguntar primero,single_turn,es,False,new,dominicano_suave,needs_review
v2-0758,V,invocation,preguntar primero,single_turn,es,False,new,dominicano_suave,needs_review
v2-0759,V,return_values,preguntar primero,single_turn,es,True,new,dominicano_suave,needs_review
v2-0760,V,parameter_passing,preguntar primero,single_turn,es,False,rewritten_from_v1,dominicano_suave,needs_review
v2-0761,V,modularization_importance,preguntar primero,single_turn,es,True,new,dominicano_suave,needs_review
v2-0762,V,subprogram_definition,preguntar primero,single_turn,es,False,new,dominicano_suave,needs_review
v2-0763,V,invocation,preguntar primero,single_turn,es,False,new,dominicano_suave,needs_review
v2-0764,V,return_values,preguntar primero,single_turn,es,True,rewritten_from_v1,dominicano_suave,needs_review
v2-0765,V,parameter_passing,preguntar primero,single_turn,es,False,new,dominicano_suave,needs_review
v2-0766,V,modularization_importance,preguntar primero,single_turn,es,True,new,dominicano_suave,needs_review
v2-0767,V,subprogram_definition,preguntar primero,single_turn,es,False,new,dominicano_suave,needs_review
v2-0768,V,invocation,preguntar primero,single_turn,es,False,new,dominicano_suave,needs_review
v2-0769,V,return_values,preguntar primero,single_turn,es,True,rewritten_from_v1,dominicano_suave,needs_review
v2-0770,V,parameter_passing,preguntar primero,single_turn,es,False,new,dominicano_suave,needs_review
v2-0771,V,modularization_importance,preguntar primero,single_turn,es,False,new,dominicano_suave,needs_review
v2-0772,V,subprogram_definition,preguntar primero,single_turn,es,True,new,dominicano_suave,needs_review
v2-0773,V,invocation,preguntar primero,single_turn,es,False,new,dominicano_suave,needs_review
v2-0774,V,return_values,preguntar primero,single_turn,es,True,rewritten_from_v1,dominicano_suave,needs_review
v2-0775,V,parameter_passing,preguntar primero,single_turn,es,False,new,dominicano_suave,needs_review
v2-0776,V,modularization_importance,preguntar primero,single_turn,es,False,new,dominicano_suave,needs_review
v2-0777,V,subprogram_definition,preguntar primero,single_turn,es,True,new,dominicano_suave,needs_review
v2-0778,V,invocation,preguntar primero,single_turn,es,False,rewritten_from_v1,dominicano_suave,needs_review
v2-0779,V,return_values,preguntar primero,single_turn,es,True,new,dominicano_suave,needs_review
v2-0780,V,parameter_passing,preguntar primero,single_turn,es,False,new,dominicano_suave,needs_review
v2-0781,V,modularization_importance,preguntar primero,single_turn,es,False,new,dominicano_suave,needs_review
v2-0782,V,subprogram_definition,preguntar primero,single_turn,es,True,new,dominicano_suave,needs_review
v2-0783,V,invocation,preguntar primero,single_turn,es,False,rewritten_from_v1,dominicano_suave,needs_review
v2-0784,V,return_values,preguntar primero,single_turn,es,False,new,dominicano_suave,needs_review
v2-0785,V,parameter_passing,preguntar primero,single_turn,es,True,new,dominicano_suave,needs_review
v2-0786,V,modularization_importance,preguntar primero,single_turn,es,False,new,dominicano_suave,needs_review
v2-0787,V,subprogram_definition,preguntar primero,single_turn,es,True,new,dominicano_suave,needs_review
v2-0788,V,invocation,preguntar primero,single_turn,es,False,rewritten_from_v1,dominicano_suave,needs_review
v2-0789,V,return_values,preguntar primero,single_turn,es,False,new,dominicano_suave,needs_review
v2-0790,V,parameter_passing,preguntar primero,single_turn,es,True,new,dominicano_suave,needs_review
v2-0791,V,modularization_importance,preguntar primero,single_turn,es,False,new,dominicano_suave,needs_review
v2-0792,V,subprogram_definition,preguntar primero,single_turn,es,False,rewritten_from_v1,dominicano_suave,needs_review
v2-0793,V,invocation,preguntar primero,single_turn,es,True,new,dominicano_suave,needs_review
v2-0794,V,return_values,preguntar primero,single_turn,es,False,new,dominicano_suave,needs_review
v2-0795,V,parameter_passing,preguntar primero,single_turn,es,True,new,dominicano_suave,needs_review
v2-0796,V,modularization_importance,preguntar primero,single_turn,es,False,new,dominicano_suave,needs_review
v2-0797,V,subprogram_definition,preguntar primero,single_turn,es,False,rewritten_from_v1,dominicano_suave,needs_review
v2-0798,V,invocation,preguntar primero,single_turn,es,True,new,dominicano_suave,needs_review
v2-0799,V,return_values,preguntar primero,multi_turn_short,es,False,new,dominicano_suave,needs_review
v2-0800,V,parameter_passing,preguntar primero,multi_turn_short,es,False,new,dominicano_suave,needs_review
v2-0801,V,modularization_importance,preguntar primero,multi_turn_short,es,True,new,dominicano_suave,needs_review
v2-0802,V,subprogram_definition,preguntar primero,multi_turn_short,es,False,rewritten_from_v1,dominicano_suave,needs_review
v2-0803,V,invocation,preguntar primero,multi_turn_short,es,True,new,dominicano_suave,needs_review
v2-0804,V,return_values,preguntar primero,multi_turn_short,es,False,new,dominicano_suave,needs_review
v2-0805,V,parameter_passing,preguntar primero,multi_turn_short,es,False,new,dominicano_suave,needs_review
v2-0806,V,modularization_importance,preguntar primero,multi_turn_short,es,True,rewritten_from_v1,dominicano_suave,needs_review
v2-0807,V,subprogram_definition,preguntar primero,multi_turn_short,es,False,new,dominicano_suave,needs_review
v2-0808,V,invocation,preguntar primero,multi_turn_short,es,True,new,dominicano_suave,needs_review
v2-0809,V,return_values,preguntar primero,multi_turn_short,es,False,new,dominicano_suave,needs_review
v2-0810,V,parameter_passing,preguntar primero,multi_turn_short,es,False,new,dominicano_suave,needs_review
v2-0811,VI,arrays_basics,explicar primero,single_turn,en,True,rewritten_from_v1,dominicano_suave,needs_review
v2-0812,VI,array_operations,explicar primero,single_turn,en,False,new,dominicano_suave,needs_review
v2-0813,VI,arrays_as_params,explicar primero,single_turn,en,False,new,dominicano_suave,needs_review
v2-0814,VI,strings_as_arrays,explicar primero,single_turn,en,True,new,dominicano_suave,needs_review
v2-0815,VI,multidimensional_arrays,explicar primero,single_turn,en,False,new,dominicano_suave,needs_review
v2-0816,VI,arrays_basics,explicar primero,single_turn,en,False,new,dominicano_suave,needs_review
v2-0817,VI,array_operations,explicar primero,single_turn,es,False,rewritten_from_v1,dominicano_suave,needs_review
v2-0818,VI,arrays_as_params,explicar primero,single_turn,es,True,new,dominicano_suave,needs_review
v2-0819,VI,strings_as_arrays,explicar primero,single_turn,es,False,new,dominicano_suave,needs_review
v2-0820,VI,multidimensional_arrays,explicar primero,single_turn,es,False,new,dominicano_suave,needs_review
v2-0821,VI,arrays_basics,explicar primero,single_turn,es,True,new,dominicano_suave,needs_review
v2-0822,VI,array_operations,explicar primero,single_turn,es,False,new,dominicano_suave,needs_review
v2-0823,VI,arrays_as_params,explicar primero,single_turn,es,False,rewritten_from_v1,dominicano_suave,needs_review
v2-0824,VI,strings_as_arrays,explicar primero,single_turn,es,False,new,dominicano_suave,needs_review
v2-0825,VI,multidimensional_arrays,explicar primero,single_turn,es,True,new,dominicano_suave,needs_review
v2-0826,VI,arrays_basics,explicar primero,single_turn,es,False,new,dominicano_suave,needs_review
v2-0827,VI,array_operations,explicar primero,single_turn,es,False,new,dominicano_suave,needs_review
v2-0828,VI,arrays_as_params,explicar primero,single_turn,es,True,new,dominicano_suave,needs_review
v2-0829,VI,strings_as_arrays,explicar primero,single_turn,es,False,rewritten_from_v1,dominicano_suave,needs_review
v2-0830,VI,multidimensional_arrays,explicar primero,single_turn,es,False,new,dominicano_suave,needs_review
v2-0831,VI,arrays_basics,explicar primero,single_turn,es,True,new,dominicano_suave,needs_review
v2-0832,VI,array_operations,explicar primero,single_turn,es,False,new,dominicano_suave,needs_review
v2-0833,VI,arrays_as_params,explicar primero,single_turn,es,False,new,dominicano_suave,needs_review
v2-0834,VI,strings_as_arrays,explicar primero,single_turn,es,False,new,dominicano_suave,needs_review
v2-0835,VI,multidimensional_arrays,explicar primero,single_turn,es,True,rewritten_from_v1,dominicano_suave,needs_review
v2-0836,VI,arrays_basics,explicar primero,single_turn,es,False,new,dominicano_suave,needs_review
v2-0837,VI,array_operations,explicar primero,single_turn,es,False,new,dominicano_suave,needs_review
v2-0838,VI,arrays_as_params,explicar primero,single_turn,es,True,new,dominicano_suave,needs_review
v2-0839,VI,strings_as_arrays,explicar primero,single_turn,es,False,new,dominicano_suave,needs_review
v2-0840,VI,multidimensional_arrays,explicar primero,single_turn,es,False,new,dominicano_suave,needs_review
v2-0841,VI,arrays_basics,explicar primero,single_turn,es,True,rewritten_from_v1,dominicano_suave,needs_review
v2-0842,VI,array_operations,explicar primero,single_turn,es,False,new,dominicano_suave,needs_review
v2-0843,VI,arrays_as_params,explicar primero,single_turn,es,False,new,dominicano_suave,needs_review
v2-0844,VI,strings_as_arrays,explicar primero,single_turn,es,False,new,dominicano_suave,needs_review
v2-0845,VI,multidimensional_arrays,explicar primero,single_turn,es,True,new,dominicano_suave,needs_review
v2-0846,VI,arrays_basics,explicar primero,single_turn,es,False,new,dominicano_suave,needs_review
v2-0847,VI,array_operations,explicar primero,single_turn,es,False,rewritten_from_v1,dominicano_suave,needs_review
v2-0848,VI,arrays_as_params,explicar primero,single_turn,es,True,new,dominicano_suave,needs_review
v2-0849,VI,strings_as_arrays,explicar primero,single_turn,es,False,new,dominicano_suave,needs_review
v2-0850,VI,multidimensional_arrays,explicar primero,single_turn,es,False,new,dominicano_suave,needs_review
v2-0851,VI,arrays_basics,explicar primero,single_turn,es,True,new,dominicano_suave,needs_review
v2-0852,VI,array_operations,explicar primero,single_turn,es,False,new,dominicano_suave,needs_review
v2-0853,VI,arrays_as_params,explicar primero,single_turn,es,False,rewritten_from_v1,dominicano_suave,needs_review
v2-0854,VI,strings_as_arrays,explicar primero,single_turn,es,False,new,dominicano_suave,needs_review
v2-0855,VI,multidimensional_arrays,explicar primero,single_turn,es,True,new,dominicano_suave,needs_review
v2-0856,VI,arrays_basics,explicar primero,single_turn,es,False,new,dominicano_suave,needs_review
v2-0857,VI,array_operations,explicar primero,single_turn,es,False,new,dominicano_suave,needs_review
v2-0858,VI,arrays_as_params,explicar primero,single_turn,es,True,new,dominicano_suave,needs_review
v2-0859,VI,strings_as_arrays,explicar primero,single_turn,es,False,rewritten_from_v1,dominicano_suave,needs_review
v2-0860,VI,multidimensional_arrays,explicar primero,single_turn,es,False,new,dominicano_suave,needs_review
v2-0861,VI,arrays_basics,explicar primero,single_turn,es,False,new,dominicano_suave,needs_review
v2-0862,VI,array_operations,explicar primero,single_turn,es,True,new,dominicano_suave,needs_review
v2-0863,VI,arrays_as_params,explicar primero,single_turn,es,False,new,dominicano_suave,needs_review
v2-0864,VI,strings_as_arrays,explicar primero,single_turn,es,False,new,dominicano_suave,needs_review
v2-0865,VI,multidimensional_arrays,explicar primero,single_turn,es,True,rewritten_from_v1,dominicano_suave,needs_review
v2-0866,VI,arrays_basics,explicar primero,single_turn,es,False,new,dominicano_suave,needs_review
v2-0867,VI,array_operations,explicar primero,single_turn,es,False,new,dominicano_suave,needs_review
v2-0868,VI,arrays_as_params,explicar primero,single_turn,es,True,new,dominicano_suave,needs_review
v2-0869,VI,strings_as_arrays,explicar primero,single_turn,es,False,new,dominicano_suave,needs_review
v2-0870,VI,multidimensional_arrays,explicar primero,single_turn,es,False,new,dominicano_suave,needs_review
v2-0871,VI,arrays_basics,explicar primero,single_turn,es,False,rewritten_from_v1,dominicano_suave,needs_review
v2-0872,VI,array_operations,explicar primero,single_turn,es,True,new,dominicano_suave,needs_review
v2-0873,VI,arrays_as_params,explicar primero,single_turn,es,False,new,dominicano_suave,needs_review
v2-0874,VI,strings_as_arrays,explicar primero,single_turn,es,False,new,dominicano_suave,needs_review
v2-0875,VI,multidimensional_arrays,explicar primero,single_turn,es,True,new,dominicano_suave,needs_review
v2-0876,VI,arrays_basics,explicar primero,single_turn,es,False,new,dominicano_suave,needs_review
v2-0877,VI,array_operations,explicar primero,single_turn,es,False,rewritten_from_v1,dominicano_suave,needs_review
v2-0878,VI,arrays_as_params,explicar primero,single_turn,es,False,new,dominicano_suave,needs_review
v2-0879,VI,strings_as_arrays,explicar primero,single_turn,es,True,new,dominicano_suave,needs_review
v2-0880,VI,multidimensional_arrays,explicar primero,single_turn,es,False,new,dominicano_suave,needs_review
v2-0881,VI,arrays_basics,explicar primero,single_turn,es,False,new,dominicano_suave,needs_review
v2-0882,VI,array_operations,explicar primero,single_turn,es,True,new,dominicano_suave,needs_review
v2-0883,VI,arrays_as_params,explicar primero,single_turn,es,False,rewritten_from_v1,dominicano_suave,needs_review
v2-0884,VI,strings_as_arrays,explicar primero,single_turn,es,False,new,dominicano_suave,needs_review
v2-0885,VI,multidimensional_arrays,explicar primero,single_turn,es,True,new,dominicano_suave,needs_review
v2-0886,VI,arrays_basics,explicar primero,single_turn,es,False,new,dominicano_suave,needs_review
v2-0887,VI,array_operations,explicar primero,single_turn,es,False,new,dominicano_suave,needs_review
v2-0888,VI,arrays_as_params,explicar primero,single_turn,es,False,new,dominicano_suave,needs_review
v2-0889,VI,strings_as_arrays,explicar primero,single_turn,es,True,rewritten_from_v1,dominicano_suave,needs_review
v2-0890,VI,multidimensional_arrays,explicar primero,single_turn,es,False,new,dominicano_suave,needs_review
v2-0891,VI,arrays_basics,explicar primero,single_turn,es,False,new,dominicano_suave,needs_review
v2-0892,VI,array_operations,explicar primero,single_turn,es,True,new,dominicano_suave,needs_review
v2-0893,VI,arrays_as_params,explicar primero,single_turn,es,False,new,dominicano_suave,needs_review
v2-0894,VI,strings_as_arrays,explicar primero,single_turn,es,False,new,dominicano_suave,needs_review
v2-0895,VI,multidimensional_arrays,explicar primero,single_turn,es,True,rewritten_from_v1,dominicano_suave,needs_review
v2-0896,VI,arrays_basics,explicar primero,single_turn,es,False,new,dominicano_suave,needs_review
v2-0897,VI,array_operations,explicar primero,single_turn,es,False,new,dominicano_suave,needs_review
v2-0898,VI,arrays_as_params,explicar primero,single_turn,es,False,new,dominicano_suave,needs_review
v2-0899,VI,strings_as_arrays,explicar primero,single_turn,es,True,new,dominicano_suave,needs_review
v2-0900,VI,multidimensional_arrays,explicar primero,single_turn,es,False,new,dominicano_suave,needs_review
v2-0901,VI,arrays_basics,explicar primero,single_turn,es,False,rewritten_from_v1,dominicano_suave,needs_review
v2-0902,VI,array_operations,explicar primero,single_turn,es,True,new,dominicano_suave,needs_review
v2-0903,VI,arrays_as_params,explicar primero,single_turn,es,False,new,dominicano_suave,needs_review
v2-0904,VI,strings_as_arrays,explicar primero,single_turn,es,False,new,dominicano_suave,needs_review
v2-0905,VI,multidimensional_arrays,explicar primero,multi_turn_short,es,True,new,dominicano_suave,needs_review
v2-0906,VI,arrays_basics,explicar primero,multi_turn_short,es,False,new,dominicano_suave,needs_review
v2-0907,VI,array_operations,explicar primero,multi_turn_short,es,False,rewritten_from_v1,dominicano_suave,needs_review
v2-0908,VI,arrays_as_params,explicar primero,multi_turn_short,es,False,new,dominicano_suave,needs_review
v2-0909,VI,strings_as_arrays,explicar primero,multi_turn_short,es,True,new,dominicano_suave,needs_review
v2-0910,VI,multidimensional_arrays,explicar primero,multi_turn_short,es,False,new,dominicano_suave,needs_review
v2-0911,VI,arrays_basics,explicar primero,multi_turn_short,es,False,new,dominicano_suave,needs_review
v2-0912,VI,array_operations,explicar primero,multi_turn_short,es,True,new,dominicano_suave,needs_review
v2-0913,VI,arrays_as_params,explicar primero,multi_turn_short,es,False,rewritten_from_v1,dominicano_suave,needs_review
v2-0914,VI,strings_as_arrays,explicar primero,multi_turn_short,es,False,new,dominicano_suave,needs_review
v2-0915,VI,multidimensional_arrays,explicar primero,multi_turn_short,es,False,new,dominicano_suave,needs_review
v2-0916,VI,arrays_basics,explicar primero,multi_turn_short,es,True,new,dominicano_suave,needs_review
v2-0917,VI,array_operations,explicar primero,multi_turn_short,es,False,new,dominicano_suave,needs_review
v2-0918,VI,arrays_as_params,explicar primero,multi_turn_short,es,False,new,dominicano_suave,needs_review
v2-0919,VI,strings_as_arrays,explicar primero,multi_turn_short,es,True,rewritten_from_v1,dominicano_suave,needs_review
v2-0920,VI,multidimensional_arrays,explicar primero,multi_turn_short,es,False,new,dominicano_suave,needs_review
v2-0921,VI,arrays_basics,corregir misconception,single_turn,es,False,new,dominicano_suave,needs_review
v2-0922,VI,array_operations,corregir misconception,single_turn,es,True,new,dominicano_suave,needs_review
v2-0923,VI,arrays_as_params,corregir misconception,single_turn,es,False,new,dominicano_suave,needs_review
v2-0924,VI,strings_as_arrays,corregir misconception,single_turn,es,False,new,dominicano_suave,needs_review
v2-0925,VI,multidimensional_arrays,corregir misconception,single_turn,es,False,rewritten_from_v1,dominicano_suave,needs_review
v2-0926,VI,arrays_basics,corregir misconception,single_turn,es,True,new,dominicano_suave,needs_review
v2-0927,VI,array_operations,corregir misconception,single_turn,es,False,new,dominicano_suave,needs_review
v2-0928,VI,arrays_as_params,corregir misconception,single_turn,es,False,new,dominicano_suave,needs_review
v2-0929,VI,strings_as_arrays,corregir misconception,single_turn,es,True,new,dominicano_suave,needs_review
v2-0930,VI,multidimensional_arrays,corregir misconception,single_turn,es,False,new,dominicano_suave,needs_review
v2-0931,VI,arrays_basics,corregir misconception,single_turn,es,False,rewritten_from_v1,dominicano_suave,needs_review
v2-0932,VI,array_operations,corregir misconception,single_turn,es,False,new,dominicano_suave,needs_review
v2-0933,VI,arrays_as_params,corregir misconception,single_turn,es,True,new,dominicano_suave,needs_review
v2-0934,VI,strings_as_arrays,corregir misconception,single_turn,es,False,new,dominicano_suave,needs_review
v2-0935,VI,multidimensional_arrays,corregir misconception,single_turn,es,False,new,dominicano_suave,needs_review
v2-0936,VI,arrays_basics,corregir misconception,single_turn,es,True,new,dominicano_suave,needs_review
v2-0937,VI,array_operations,corregir misconception,single_turn,es,False,rewritten_from_v1,dominicano_suave,needs_review
v2-0938,VI,arrays_as_params,corregir misconception,single_turn,es,False,new,dominicano_suave,needs_review
v2-0939,VI,strings_as_arrays,corregir misconception,single_turn,es,True,new,dominicano_suave,needs_review
v2-0940,VI,multidimensional_arrays,corregir misconception,single_turn,es,False,new,dominicano_suave,needs_review
v2-0941,VI,arrays_basics,corregir misconception,single_turn,es,False,new,dominicano_suave,needs_review
v2-0942,VI,array_operations,corregir misconception,single_turn,es,False,new,dominicano_suave,needs_review
v2-0943,VI,arrays_as_params,corregir misconception,single_turn,es,True,rewritten_from_v1,dominicano_suave,needs_review
v2-0944,VI,strings_as_arrays,corregir misconception,single_turn,es,False,new,dominicano_suave,needs_review
v2-0945,VI,multidimensional_arrays,corregir misconception,single_turn,es,False,new,dominicano_suave,needs_review
v2-0946,VI,arrays_basics,corregir misconception,single_turn,es,True,new,dominicano_suave,needs_review
v2-0947,VI,array_operations,corregir misconception,single_turn,es,False,new,dominicano_suave,needs_review
v2-0948,VI,arrays_as_params,corregir misconception,single_turn,es,False,new,dominicano_suave,needs_review
v2-0949,VI,strings_as_arrays,corregir misconception,single_turn,es,True,rewritten_from_v1,dominicano_suave,needs_review
v2-0950,VI,multidimensional_arrays,corregir misconception,single_turn,es,False,new,dominicano_suave,needs_review
v2-0951,VI,arrays_basics,corregir misconception,single_turn,es,False,new,dominicano_suave,needs_review
v2-0952,VI,array_operations,corregir misconception,single_turn,es,False,new,dominicano_suave,needs_review
v2-0953,VI,arrays_as_params,corregir misconception,single_turn,es,True,new,dominicano_suave,needs_review
v2-0954,VI,strings_as_arrays,corregir misconception,single_turn,es,False,new,dominicano_suave,needs_review
v2-0955,VI,multidimensional_arrays,corregir misconception,single_turn,es,False,rewritten_from_v1,dominicano_suave,needs_review
v2-0956,VI,arrays_basics,corregir misconception,single_turn,es,True,new,dominicano_suave,needs_review
v2-0957,VI,array_operations,corregir misconception,single_turn,es,False,new,dominicano_suave,needs_review
v2-0958,VI,arrays_as_params,corregir misconception,single_turn,es,False,new,dominicano_suave,needs_review
v2-0959,VI,strings_as_arrays,corregir misconception,single_turn,es,True,new,dominicano_suave,needs_review
v2-0960,VI,multidimensional_arrays,corregir misconception,single_turn,es,False,new,dominicano_suave,needs_review
v2-0961,VI,arrays_basics,corregir misconception,single_turn,es,False,rewritten_from_v1,dominicano_suave,needs_review
v2-0962,VI,array_operations,corregir misconception,single_turn,es,False,new,dominicano_suave,needs_review
v2-0963,VI,arrays_as_params,corregir misconception,single_turn,es,True,new,dominicano_suave,needs_review
v2-0964,VI,strings_as_arrays,corregir misconception,single_turn,es,False,new,dominicano_suave,needs_review
v2-0965,VI,multidimensional_arrays,corregir misconception,single_turn,es,False,new,dominicano_suave,needs_review
v2-0966,VI,arrays_basics,corregir misconception,single_turn,es,True,new,dominicano_suave,needs_review
v2-0967,VI,array_operations,corregir misconception,single_turn,es,False,rewritten_from_v1,dominicano_suave,needs_review
v2-0968,VI,arrays_as_params,corregir misconception,single_turn,es,False,new,dominicano_suave,needs_review
v2-0969,VI,strings_as_arrays,corregir misconception,single_turn,es,False,new,dominicano_suave,needs_review
v2-0970,VI,multidimensional_arrays,corregir misconception,single_turn,es,True,new,dominicano_suave,needs_review
v2-0971,VI,arrays_basics,corregir misconception,single_turn,es,False,new,dominicano_suave,needs_review
v2-0972,VI,array_operations,corregir misconception,single_turn,es,False,new,dominicano_suave,needs_review
v2-0973,VI,arrays_as_params,corregir misconception,single_turn,es,True,rewritten_from_v1,dominicano_suave,needs_review
v2-0974,VI,strings_as_arrays,corregir misconception,single_turn,es,False,new,dominicano_suave,needs_review
v2-0975,VI,multidimensional_arrays,corregir misconception,single_turn,es,False,new,dominicano_suave,needs_review
v2-0976,VI,arrays_basics,corregir misconception,single_turn,es,True,new,dominicano_suave,needs_review
v2-0977,VI,array_operations,corregir misconception,multi_turn_short,es,False,new,dominicano_suave,needs_review
v2-0978,VI,arrays_as_params,corregir misconception,multi_turn_short,es,False,new,dominicano_suave,needs_review
v2-0979,VI,strings_as_arrays,corregir misconception,multi_turn_short,es,False,rewritten_from_v1,dominicano_suave,needs_review
v2-0980,VI,multidimensional_arrays,corregir misconception,multi_turn_short,es,True,new,dominicano_suave,needs_review
v2-0981,VI,arrays_basics,corregir misconception,multi_turn_short,es,False,new,dominicano_suave,needs_review
v2-0982,VI,array_operations,corregir misconception,multi_turn_short,es,False,new,dominicano_suave,needs_review
v2-0983,VI,arrays_as_params,corregir misconception,multi_turn_short,es,True,new,dominicano_suave,needs_review
v2-0984,VI,strings_as_arrays,corregir misconception,multi_turn_short,es,False,new,dominicano_suave,needs_review
v2-0985,VI,multidimensional_arrays,corregir misconception,multi_turn_short,es,False,rewritten_from_v1,dominicano_suave,needs_review
v2-0986,VI,arrays_basics,corregir misconception,multi_turn_short,es,False,new,dominicano_suave,needs_review
v2-0987,VI,array_operations,corregir misconception,multi_turn_short,es,True,new,dominicano_suave,needs_review
v2-0988,VI,arrays_as_params,corregir misconception,multi_turn_short,es,False,new,dominicano_suave,needs_review
v2-0989,VI,strings_as_arrays,corregir misconception,multi_turn_short,es,False,new,dominicano_suave,needs_review
v2-0990,VI,multidimensional_arrays,corregir misconception,multi_turn_short,es,True,new,dominicano_suave,needs_review
v2-0991,VI,arrays_basics,corregir misconception,multi_turn_short,es,False,rewritten_from_v1,dominicano_suave,needs_review
v2-0992,VI,array_operations,corregir misconception,multi_turn_short,es,False,new,dominicano_suave,needs_review
v2-0993,VI,arrays_as_params,corregir misconception,multi_turn_short,es,True,new,dominicano_suave,needs_review
v2-0994,VI,strings_as_arrays,corregir misconception,multi_turn_short,es,False,new,dominicano_suave,needs_review
v2-0995,VI,multidimensional_arrays,corregir misconception,multi_turn_short,es,False,new,dominicano_suave,needs_review
v2-0996,VI,arrays_basics,corregir misconception,multi_turn_short,es,False,new,dominicano_suave,needs_review
v2-0997,VI,array_operations,corregir misconception,multi_turn_short,es,True,rewritten_from_v1,dominicano_suave,needs_review
v2-0998,VI,arrays_as_params,corregir misconception,multi_turn_short,es,False,new,dominicano_suave,needs_review
v2-0999,VI,strings_as_arrays,corregir misconception,multi_turn_short,es,False,new,dominicano_suave,needs_review
v2-1000,VI,multidimensional_arrays,corregir misconception,multi_turn_short,es,True,new,dominicano_suave,needs_review
v2-1001,VI,arrays_basics,corregir misconception,multi_turn_short,es,False,new,dominicano_suave,needs_review
v2-1002,VI,array_operations,corregir misconception,multi_turn_short,es,False,new,dominicano_suave,needs_review
v2-1003,VI,arrays_as_params,corregir misconception,multi_turn_short,es,True,rewritten_from_v1,dominicano_suave,needs_review
v2-1004,VI,strings_as_arrays,corregir misconception,multi_turn_short,es,False,new,dominicano_suave,needs_review
v2-1005,VI,multidimensional_arrays,corregir misconception,multi_turn_short,es,False,new,dominicano_suave,needs_review
v2-1006,VI,arrays_basics,preguntar primero,single_turn,en,False,new,dominicano_suave,needs_review
v2-1007,VI,array_operations,preguntar primero,single_turn,en,True,new,dominicano_suave,needs_review
v2-1008,VI,arrays_as_params,preguntar primero,single_turn,en,False,new,dominicano_suave,needs_review
v2-1009,VI,strings_as_arrays,preguntar primero,single_turn,en,False,rewritten_from_v1,dominicano_suave,needs_review
v2-1010,VI,multidimensional_arrays,preguntar primero,single_turn,en,True,new,dominicano_suave,needs_review
v2-1011,VI,arrays_basics,preguntar primero,single_turn,en,False,new,dominicano_suave,needs_review
v2-1012,VI,array_operations,preguntar primero,single_turn,es,False,new,dominicano_suave,needs_review
v2-1013,VI,arrays_as_params,preguntar primero,single_turn,es,True,new,dominicano_suave,needs_review
v2-1014,VI,strings_as_arrays,preguntar primero,single_turn,es,False,new,dominicano_suave,needs_review
v2-1015,VI,multidimensional_arrays,preguntar primero,single_turn,es,False,rewritten_from_v1,dominicano_suave,needs_review
v2-1016,VI,arrays_basics,preguntar primero,single_turn,es,False,new,dominicano_suave,needs_review
v2-1017,VI,array_operations,preguntar primero,single_turn,es,True,new,dominicano_suave,needs_review
v2-1018,VI,arrays_as_params,preguntar primero,single_turn,es,False,new,dominicano_suave,needs_review
v2-1019,VI,strings_as_arrays,preguntar primero,single_turn,es,False,new,dominicano_suave,needs_review
v2-1020,VI,multidimensional_arrays,preguntar primero,single_turn,es,True,new,dominicano_suave,needs_review
v2-1021,VI,arrays_basics,preguntar primero,single_turn,es,False,rewritten_from_v1,dominicano_suave,needs_review
v2-1022,VI,array_operations,preguntar primero,single_turn,es,False,new,dominicano_suave,needs_review
v2-1023,VI,arrays_as_params,preguntar primero,single_turn,es,False,new,dominicano_suave,needs_review
v2-1024,VI,strings_as_arrays,preguntar primero,single_turn,es,True,new,dominicano_suave,needs_review
v2-1025,VI,multidimensional_arrays,preguntar primero,single_turn,es,False,new,dominicano_suave,needs_review
v2-1026,VI,arrays_basics,preguntar primero,single_turn,es,False,new,dominicano_suave,needs_review
v2-1027,VI,array_operations,preguntar primero,single_turn,es,True,rewritten_from_v1,dominicano_suave,needs_review
v2-1028,VI,arrays_as_params,preguntar primero,single_turn,es,False,new,dominicano_suave,needs_review
v2-1029,VI,strings_as_arrays,preguntar primero,single_turn,es,False,new,dominicano_suave,needs_review
v2-1030,VI,multidimensional_arrays,preguntar primero,single_turn,es,True,new,dominicano_suave,needs_review
v2-1031,VI,arrays_basics,preguntar primero,single_turn,es,False,new,dominicano_suave,needs_review
v2-1032,VI,array_operations,preguntar primero,single_turn,es,False,new,dominicano_suave,needs_review
v2-1033,VI,arrays_as_params,preguntar primero,single_turn,es,False,rewritten_from_v1,dominicano_suave,needs_review
v2-1034,VI,strings_as_arrays,preguntar primero,single_turn,es,True,new,dominicano_suave,needs_review
v2-1035,VI,multidimensional_arrays,preguntar primero,single_turn,es,False,new,dominicano_suave,needs_review
v2-1036,VI,arrays_basics,preguntar primero,single_turn,es,False,new,dominicano_suave,needs_review
v2-1037,VI,array_operations,preguntar primero,single_turn,es,True,new,dominicano_suave,needs_review
v2-1038,VI,arrays_as_params,preguntar primero,single_turn,es,False,new,dominicano_suave,needs_review
v2-1039,VI,strings_as_arrays,preguntar primero,single_turn,es,False,rewritten_from_v1,dominicano_suave,needs_review
v2-1040,VI,multidimensional_arrays,preguntar primero,single_turn,es,False,new,dominicano_suave,needs_review
v2-1041,VI,arrays_basics,preguntar primero,single_turn,es,True,new,dominicano_suave,needs_review
v2-1042,VI,array_operations,preguntar primero,single_turn,es,False,new,dominicano_suave,needs_review
v2-1043,VI,arrays_as_params,preguntar primero,single_turn,es,False,new,dominicano_suave,needs_review
v2-1044,VI,strings_as_arrays,preguntar primero,single_turn,es,True,new,dominicano_suave,needs_review
v2-1045,VI,multidimensional_arrays,preguntar primero,single_turn,es,False,rewritten_from_v1,dominicano_suave,needs_review
v2-1046,VI,arrays_basics,preguntar primero,single_turn,es,False,new,dominicano_suave,needs_review
v2-1047,VI,array_operations,preguntar primero,single_turn,es,True,new,dominicano_suave,needs_review
v2-1048,VI,arrays_as_params,preguntar primero,single_turn,es,False,new,dominicano_suave,needs_review
v2-1049,VI,strings_as_arrays,preguntar primero,single_turn,es,False,new,dominicano_suave,needs_review
v2-1050,VI,multidimensional_arrays,preguntar primero,single_turn,es,False,new,dominicano_suave,needs_review
v2-1051,VI,arrays_basics,preguntar primero,single_turn,es,True,rewritten_from_v1,dominicano_suave,needs_review
v2-1052,VI,array_operations,preguntar primero,single_turn,es,False,new,dominicano_suave,needs_review
v2-1053,VI,arrays_as_params,preguntar primero,single_turn,es,False,new,dominicano_suave,needs_review
v2-1054,VI,strings_as_arrays,preguntar primero,single_turn,es,True,new,dominicano_suave,needs_review
v2-1055,VI,multidimensional_arrays,preguntar primero,single_turn,es,False,new,dominicano_suave,needs_review
v2-1056,VI,arrays_basics,preguntar primero,single_turn,es,False,new,dominicano_suave,needs_review
v2-1057,VI,array_operations,preguntar primero,single_turn,es,True,rewritten_from_v1,dominicano_suave,needs_review
v2-1058,VI,arrays_as_params,preguntar primero,single_turn,es,False,new,dominicano_suave,needs_review
v2-1059,VI,strings_as_arrays,preguntar primero,single_turn,es,False,new,dominicano_suave,needs_review
v2-1060,VI,multidimensional_arrays,preguntar primero,single_turn,es,False,new,dominicano_suave,needs_review
v2-1061,VI,arrays_basics,preguntar primero,single_turn,es,True,new,dominicano_suave,needs_review
v2-1062,VI,array_operations,preguntar primero,single_turn,es,False,new,dominicano_suave,needs_review
v2-1063,VI,arrays_as_params,preguntar primero,single_turn,es,False,rewritten_from_v1,dominicano_suave,needs_review
v2-1064,VI,strings_as_arrays,preguntar primero,single_turn,es,True,new,dominicano_suave,needs_review
v2-1065,VI,multidimensional_arrays,preguntar primero,single_turn,es,False,new,dominicano_suave,needs_review
v2-1066,VI,arrays_basics,preguntar primero,multi_turn_short,es,False,new,dominicano_suave,needs_review
v2-1067,VI,array_operations,preguntar primero,multi_turn_short,es,True,new,dominicano_suave,needs_review
v2-1068,VI,arrays_as_params,preguntar primero,multi_turn_short,es,False,new,dominicano_suave,needs_review
v2-1069,VI,strings_as_arrays,preguntar primero,multi_turn_short,es,False,rewritten_from_v1,dominicano_suave,needs_review
v2-1070,VI,multidimensional_arrays,preguntar primero,multi_turn_short,es,False,new,dominicano_suave,needs_review
v2-1071,VI,arrays_basics,preguntar primero,multi_turn_short,es,True,new,dominicano_suave,needs_review
v2-1072,VI,array_operations,preguntar primero,multi_turn_short,es,False,new,dominicano_suave,needs_review
v2-1073,VI,arrays_as_params,preguntar primero,multi_turn_short,es,False,new,dominicano_suave,needs_review
v2-1074,VI,strings_as_arrays,preguntar primero,multi_turn_short,es,True,new,dominicano_suave,needs_review
v2-1075,VI,multidimensional_arrays,preguntar primero,multi_turn_short,es,False,rewritten_from_v1,dominicano_suave,needs_review
v2-1076,VI,arrays_basics,preguntar primero,multi_turn_short,es,False,new,dominicano_suave,needs_review
v2-1077,VI,array_operations,preguntar primero,multi_turn_short,es,False,new,dominicano_suave,needs_review
v2-1078,VI,arrays_as_params,preguntar primero,multi_turn_short,es,True,new,dominicano_suave,needs_review
v2-1079,VI,strings_as_arrays,preguntar primero,multi_turn_short,es,False,new,dominicano_suave,needs_review
v2-1080,VI,multidimensional_arrays,preguntar primero,multi_turn_short,es,False,new,dominicano_suave,needs_review
v2-1081,boundary,boundary_refocus,boundary/refocus,single_turn,en,False,new,dominicano_suave,priority_review
v2-1082,boundary,boundary_refocus,boundary/refocus,single_turn,en,False,new,dominicano_suave,priority_review
v2-1083,boundary,boundary_refocus,boundary/refocus,single_turn,en,False,new,dominicano_suave,priority_review
v2-1084,boundary,boundary_refocus,boundary/refocus,single_turn,en,False,new,dominicano_suave,priority_review
v2-1085,boundary,boundary_refocus,boundary/refocus,single_turn,en,False,new,dominicano_suave,priority_review
v2-1086,boundary,boundary_refocus,boundary/refocus,single_turn,en,False,new,dominicano_suave,priority_review
v2-1087,boundary,boundary_refocus,boundary/refocus,single_turn,es,False,new,dominicano_suave,priority_review
v2-1088,boundary,boundary_refocus,boundary/refocus,single_turn,es,False,new,dominicano_suave,priority_review
v2-1089,boundary,boundary_refocus,boundary/refocus,single_turn,es,False,new,dominicano_suave,priority_review
v2-1090,boundary,boundary_refocus,boundary/refocus,single_turn,es,False,new,dominicano_suave,priority_review
v2-1091,boundary,boundary_refocus,boundary/refocus,single_turn,es,False,new,dominicano_suave,priority_review
v2-1092,boundary,boundary_refocus,boundary/refocus,single_turn,es,False,new,dominicano_suave,priority_review
v2-1093,boundary,boundary_refocus,boundary/refocus,single_turn,es,False,new,dominicano_suave,priority_review
v2-1094,boundary,boundary_refocus,boundary/refocus,single_turn,es,False,new,dominicano_suave,priority_review
v2-1095,boundary,boundary_refocus,boundary/refocus,single_turn,es,False,new,dominicano_suave,priority_review
v2-1096,boundary,boundary_refocus,boundary/refocus,single_turn,es,False,new,dominicano_suave,priority_review
v2-1097,boundary,boundary_refocus,boundary/refocus,single_turn,es,False,new,dominicano_suave,priority_review
v2-1098,boundary,boundary_refocus,boundary/refocus,single_turn,es,False,new,dominicano_suave,priority_review
v2-1099,boundary,boundary_refocus,boundary/refocus,single_turn,es,False,new,dominicano_suave,priority_review
v2-1100,boundary,boundary_refocus,boundary/refocus,single_turn,es,False,new,dominicano_suave,priority_review
v2-1101,boundary,boundary_refocus,boundary/refocus,single_turn,es,False,new,dominicano_suave,priority_review
v2-1102,boundary,boundary_refocus,boundary/refocus,single_turn,es,False,new,dominicano_suave,priority_review
v2-1103,boundary,boundary_refocus,boundary/refocus,single_turn,es,False,new,dominicano_suave,priority_review
v2-1104,boundary,boundary_refocus,boundary/refocus,single_turn,es,False,new,dominicano_suave,priority_review
v2-1105,boundary,boundary_refocus,boundary/refocus,single_turn,es,False,new,dominicano_suave,priority_review
v2-1106,boundary,boundary_refocus,boundary/refocus,single_turn,es,False,new,dominicano_suave,priority_review
v2-1107,boundary,boundary_refocus,boundary/refocus,single_turn,es,False,new,dominicano_suave,priority_review
v2-1108,boundary,boundary_refocus,boundary/refocus,single_turn,es,False,new,dominicano_suave,priority_review
v2-1109,boundary,boundary_refocus,boundary/refocus,single_turn,es,False,new,dominicano_suave,priority_review
v2-1110,boundary,boundary_refocus,boundary/refocus,single_turn,es,False,new,dominicano_suave,priority_review
v2-1111,boundary,boundary_refocus,boundary/refocus,single_turn,es,False,new,dominicano_suave,priority_review
v2-1112,boundary,boundary_refocus,boundary/refocus,single_turn,es,False,new,dominicano_suave,priority_review
v2-1113,boundary,boundary_refocus,boundary/refocus,single_turn,es,False,new,dominicano_suave,priority_review
v2-1114,boundary,boundary_refocus,boundary/refocus,single_turn,es,False,new,dominicano_suave,priority_review
v2-1115,boundary,boundary_refocus,boundary/refocus,single_turn,es,False,new,dominicano_suave,priority_review
v2-1116,boundary,boundary_refocus,boundary/refocus,single_turn,es,False,new,dominicano_suave,priority_review
v2-1117,boundary,boundary_refocus,boundary/refocus,single_turn,es,False,new,dominicano_suave,priority_review
v2-1118,boundary,boundary_refocus,boundary/refocus,single_turn,es,False,new,dominicano_suave,priority_review
v2-1119,boundary,boundary_refocus,boundary/refocus,single_turn,es,False,new,dominicano_suave,priority_review
v2-1120,boundary,boundary_refocus,boundary/refocus,single_turn,es,False,new,dominicano_suave,priority_review
v2-1121,boundary,boundary_refocus,boundary/refocus,single_turn,es,False,new,dominicano_suave,priority_review
v2-1122,boundary,boundary_refocus,boundary/refocus,single_turn,es,False,new,dominicano_suave,priority_review
v2-1123,boundary,boundary_refocus,boundary/refocus,single_turn,es,False,new,dominicano_suave,priority_review
v2-1124,boundary,boundary_refocus,boundary/refocus,single_turn,es,False,new,dominicano_suave,priority_review
v2-1125,boundary,boundary_refocus,boundary/refocus,single_turn,es,False,new,dominicano_suave,priority_review
v2-1126,boundary,boundary_refocus,boundary/refocus,single_turn,es,False,new,dominicano_suave,priority_review
v2-1127,boundary,boundary_refocus,boundary/refocus,single_turn,es,False,new,dominicano_suave,priority_review
v2-1128,boundary,boundary_refocus,boundary/refocus,single_turn,es,False,new,dominicano_suave,priority_review
v2-1129,boundary,boundary_refocus,boundary/refocus,single_turn,es,False,new,dominicano_suave,priority_review
v2-1130,boundary,boundary_refocus,boundary/refocus,single_turn,es,False,new,dominicano_suave,priority_review
v2-1131,boundary,boundary_refocus,boundary/refocus,single_turn,es,False,new,dominicano_suave,priority_review
v2-1132,boundary,boundary_refocus,boundary/refocus,single_turn,es,False,new,dominicano_suave,priority_review
v2-1133,boundary,boundary_refocus,boundary/refocus,single_turn,es,False,new,dominicano_suave,priority_review
v2-1134,boundary,boundary_refocus,boundary/refocus,single_turn,es,False,new,dominicano_suave,priority_review
v2-1135,boundary,boundary_refocus,boundary/refocus,single_turn,es,False,new,dominicano_suave,priority_review
v2-1136,boundary,boundary_refocus,boundary/refocus,single_turn,es,False,new,dominicano_suave,priority_review
v2-1137,boundary,boundary_refocus,boundary/refocus,single_turn,es,False,new,dominicano_suave,priority_review
v2-1138,boundary,boundary_refocus,boundary/refocus,single_turn,es,False,new,dominicano_suave,priority_review
v2-1139,boundary,boundary_refocus,boundary/refocus,single_turn,es,False,new,dominicano_suave,priority_review
v2-1140,boundary,boundary_refocus,boundary/refocus,single_turn,es,False,new,dominicano_suave,priority_review
v2-1141,boundary,boundary_refocus,boundary/refocus,single_turn,es,False,new,dominicano_suave,priority_review
v2-1142,boundary,boundary_refocus,boundary/refocus,single_turn,es,False,new,dominicano_suave,priority_review
v2-1143,boundary,boundary_refocus,boundary/refocus,single_turn,es,False,new,dominicano_suave,priority_review
v2-1144,boundary,boundary_refocus,boundary/refocus,single_turn,es,False,new,dominicano_suave,priority_review
v2-1145,boundary,boundary_refocus,boundary/refocus,single_turn,es,False,new,dominicano_suave,priority_review
v2-1146,boundary,boundary_refocus,boundary/refocus,single_turn,es,False,new,dominicano_suave,priority_review
v2-1147,boundary,boundary_refocus,boundary/refocus,single_turn,es,False,new,dominicano_suave,priority_review
v2-1148,boundary,boundary_refocus,boundary/refocus,single_turn,es,False,new,dominicano_suave,priority_review
v2-1149,boundary,boundary_refocus,boundary/refocus,single_turn,es,False,new,dominicano_suave,priority_review
v2-1150,boundary,boundary_refocus,boundary/refocus,single_turn,es,False,new,dominicano_suave,priority_review
v2-1151,boundary,boundary_refocus,boundary/refocus,single_turn,es,False,new,dominicano_suave,priority_review
v2-1152,boundary,boundary_refocus,boundary/refocus,single_turn,es,False,new,dominicano_suave,priority_review
v2-1153,boundary,boundary_refocus,boundary/refocus,single_turn,es,False,new,dominicano_suave,priority_review
v2-1154,boundary,boundary_refocus,boundary/refocus,single_turn,es,False,new,dominicano_suave,priority_review
v2-1155,boundary,boundary_refocus,boundary/refocus,single_turn,es,False,new,dominicano_suave,priority_review
v2-1156,boundary,boundary_refocus,boundary/refocus,single_turn,es,False,new,dominicano_suave,priority_review
v2-1157,boundary,boundary_refocus,boundary/refocus,single_turn,es,False,new,dominicano_suave,priority_review
v2-1158,boundary,boundary_refocus,boundary/refocus,single_turn,es,False,new,dominicano_suave,priority_review
v2-1159,boundary,boundary_refocus,boundary/refocus,single_turn,es,False,new,dominicano_suave,priority_review
v2-1160,boundary,boundary_refocus,boundary/refocus,single_turn,es,False,new,dominicano_suave,priority_review
v2-1161,boundary,boundary_refocus,boundary/refocus,single_turn,es,False,new,dominicano_suave,priority_review
v2-1162,boundary,boundary_refocus,boundary/refocus,single_turn,es,False,new,dominicano_suave,priority_review
v2-1163,boundary,boundary_refocus,boundary/refocus,single_turn,es,False,new,dominicano_suave,priority_review
v2-1164,boundary,boundary_refocus,boundary/refocus,single_turn,es,False,new,dominicano_suave,priority_review
v2-1165,boundary,boundary_refocus,boundary/refocus,single_turn,es,False,new,dominicano_suave,priority_review
v2-1166,boundary,boundary_refocus,boundary/refocus,single_turn,es,False,new,dominicano_suave,priority_review
v2-1167,boundary,boundary_refocus,boundary/refocus,single_turn,es,False,new,dominicano_suave,priority_review
v2-1168,boundary,boundary_refocus,boundary/refocus,single_turn,es,False,new,dominicano_suave,priority_review
v2-1169,boundary,boundary_refocus,boundary/refocus,single_turn,es,False,new,dominicano_suave,priority_review
v2-1170,boundary,boundary_refocus,boundary/refocus,single_turn,es,False,new,dominicano_suave,priority_review
v2-1171,boundary,boundary_refocus,boundary/refocus,single_turn,es,False,new,dominicano_suave,priority_review
v2-1172,boundary,boundary_refocus,boundary/refocus,single_turn,es,False,new,dominicano_suave,priority_review
v2-1173,boundary,boundary_refocus,boundary/refocus,single_turn,es,False,new,dominicano_suave,priority_review
v2-1174,boundary,boundary_refocus,boundary/refocus,single_turn,es,False,new,dominicano_suave,priority_review
v2-1175,boundary,boundary_refocus,boundary/refocus,single_turn,es,False,new,dominicano_suave,priority_review
v2-1176,boundary,boundary_refocus,boundary/refocus,single_turn,es,False,new,dominicano_suave,priority_review
v2-1177,boundary,boundary_refocus,boundary/refocus,single_turn,es,False,new,dominicano_suave,priority_review
v2-1178,boundary,boundary_refocus,boundary/refocus,single_turn,es,False,new,dominicano_suave,priority_review
v2-1179,boundary,boundary_refocus,boundary/refocus,single_turn,es,False,new,dominicano_suave,priority_review
v2-1180,boundary,boundary_refocus,boundary/refocus,single_turn,es,False,new,dominicano_suave,priority_review
v2-1181,boundary,boundary_refocus,boundary/refocus,single_turn,es,False,new,dominicano_suave,priority_review
v2-1182,boundary,boundary_refocus,boundary/refocus,single_turn,es,False,new,dominicano_suave,priority_review
v2-1183,boundary,boundary_refocus,boundary/refocus,single_turn,es,False,new,dominicano_suave,priority_review
v2-1184,boundary,boundary_refocus,boundary/refocus,single_turn,es,False,new,dominicano_suave,priority_review
v2-1185,boundary,boundary_refocus,boundary/refocus,single_turn,es,False,new,dominicano_suave,priority_review
v2-1186,boundary,boundary_refocus,boundary/refocus,single_turn,es,False,new,dominicano_suave,priority_review
v2-1187,boundary,boundary_refocus,boundary/refocus,single_turn,es,False,new,dominicano_suave,priority_review
v2-1188,boundary,boundary_refocus,boundary/refocus,single_turn,es,False,new,dominicano_suave,priority_review
v2-1189,boundary,boundary_refocus,boundary/refocus,single_turn,es,False,new,dominicano_suave,priority_review
v2-1190,boundary,boundary_refocus,boundary/refocus,single_turn,es,False,new,dominicano_suave,priority_review
v2-1191,boundary,boundary_refocus,boundary/refocus,single_turn,es,False,new,dominicano_suave,priority_review
v2-1192,boundary,boundary_refocus,boundary/refocus,single_turn,es,False,new,dominicano_suave,priority_review
v2-1193,boundary,boundary_refocus,boundary/refocus,single_turn,es,False,new,dominicano_suave,priority_review
v2-1194,boundary,boundary_refocus,boundary/refocus,single_turn,es,False,new,dominicano_suave,priority_review
v2-1195,boundary,boundary_refocus,boundary/refocus,single_turn,es,False,new,dominicano_suave,priority_review
v2-1196,boundary,boundary_refocus,boundary/refocus,single_turn,es,False,new,dominicano_suave,priority_review
v2-1197,boundary,boundary_refocus,boundary/refocus,single_turn,es,False,new,dominicano_suave,priority_review
v2-1198,boundary,boundary_refocus,boundary/refocus,single_turn,es,False,new,dominicano_suave,priority_review
v2-1199,boundary,boundary_refocus,boundary/refocus,single_turn,es,False,new,dominicano_suave,priority_review
v2-1200,boundary,boundary_refocus,boundary/refocus,single_turn,es,False,new,dominicano_suave,priority_review
